0,"1500001298","2016-03-29","2016-03-29","78","eileen","","10.00",2,"1.00",2016,0,"","78","EUR","K"
0,"1700000026","2016-01-25","2016-07-06","FQM_VE01","FQM_VE01","","0.00",2,"0.00",2016,0,"","FQM_VE01","GBP","K"
0,"1500001330","2016-03-30","2016-03-30","78","eileen","","10.00",2,"1.00",2016,0,"","78","EUR","K"
0,"1500000540","2016-01-27","2016-01-27","ZY001","zhaoyan company","","10.00",2,"1.00",2016,0,"","ZY001","EUR","K"
0,"1500001317","2016-03-30","2016-03-30","78","eileen","","10.00",2,"1.00",2016,0,"","78","EUR","K"
0,"1500000539","2016-01-27","2016-01-27","ZY001","zhaoyan company","","10.00",2,"1.00",2016,0,"","ZY001","EUR","K"
0,"1500001316","2016-03-30","2016-03-30","78","eileen","","10.00",2,"1.00",2016,0,"","78","EUR","K"
0,"1500000542","2016-02-02","2016-02-02","F1V5","Thunder Winding Corp.","","10.00",2,"1.00",2016,0,"","F1V5","EUR","K"
0,"1500001334","2016-03-31","2016-03-31","78","eileen","","10.00",2,"1.00",2016,0,"","78","EUR","K"
0,"1500000541","2016-02-02","2016-02-02","F1V5","Thunder Winding Corp.","","10.00",2,"1.00",2016,0,"","F1V5","EUR","K"
0,"1500001335","2016-03-31","2016-03-31","78","eileen","","10.00",2,"1.00",2016,0,"","78","EUR","K"
0,"1500000545","2016-02-03","2016-02-03","F1V5","Thunder Winding Corp.","","10.00",2,"1.00",2016,0,"","F1V5","EUR","K"
0,"1500001348","2016-03-31","2016-03-31","78","eileen","","10.00",2,"1.00",2016,0,"","78","EUR","K"
0,"1500000544","2016-02-03","2016-02-03","F1V5","Thunder Winding Corp.","","10.00",2,"1.00",2016,0,"","F1V5","EUR","K"
0,"1500001352","2016-04-01","2016-04-01","78","eileen","","10.00",2,"1.00",2016,0,"","78","EUR","K"
0,"1500000543","2016-02-03","2016-02-03","F1V5","Thunder Winding Corp.","","10.00",2,"1.00",2016,0,"","F1V5","EUR","K"
0,"1500001353","2016-04-01","2016-04-01","78","eileen","","10.00",2,"1.00",2016,0,"","78","EUR","K"
0,"100002396","2016-02-04","2016-02-04","F1V6","NY Bolt and Nut Inc.","","168.42",5,"1.00",2016,0,"","F1V6","EUR","K"
0,"1500001366","2016-04-01","2016-04-01","78","eileen","","10.00",2,"1.00",2016,0,"","78","EUR","K"
0,"100002396","2016-02-04","2016-02-04","F1V1","Hessen Manufakturbetrieb GmbH","","197.12",3,"1.00",2016,0,"","F1V1","EUR","K"
0,"1500001373","2016-04-02","2016-04-02","78","eileen","","10.00",2,"1.00",2016,0,"","78","EUR","K"
0,"100002397","2016-02-04","2016-02-04","F1V1","Hessen Manufakturbetrieb GmbH","","238.19",3,"1.00",2016,0,"","F1V1","EUR","K"
0,"1500001368","2016-04-02","2016-04-02","78","eileen","","10.00",2,"1.00",2016,0,"","78","EUR","K"
0,"1500001367","2016-04-02","2016-04-02","78","eileen","","10.00",2,"1.00",2016,0,"","78","EUR","K"
0,"100002397","2016-02-04","2016-02-04","F1V6","NY Bolt and Nut Inc.","","278.08",5,"1.00",2016,0,"","F1V6","EUR","K"
0,"1500001380","2016-04-03","2016-04-03","78","eileen","","10.00",2,"1.00",2016,0,"","78","EUR","K"
0,"1500000549","2016-02-04","2016-02-04","F1V5","Thunder Winding Corp.","","10.00",2,"1.00",2016,0,"","F1V5","EUR","K"
0,"1500001375","2016-04-03","2016-04-03","78","eileen","","10.00",2,"1.00",2016,0,"","78","EUR","K"
0,"1500000547","2016-02-04","2016-02-04","F1V5","Thunder Winding Corp.","","10.00",2,"1.00",2016,0,"","F1V5","EUR","K"
0,"1500001374","2016-04-03","2016-04-03","78","eileen","","10.00",2,"1.00",2016,0,"","78","EUR","K"
0,"1500000546","2016-02-04","2016-02-04","F1V5","Thunder Winding Corp.","","10.00",2,"1.00",2016,0,"","F1V5","EUR","K"
0,"1500001387","2016-04-04","2016-04-04","78","eileen","","10.00",2,"1.00",2016,0,"","78","EUR","K"
0,"1500000548","2016-02-04","2016-02-04","F1V1","Hessen Manufakturbetrieb GmbH","","1190.00",2,"1.00",2016,0,"","F1V1","EUR","K"
0,"1500001382","2016-04-04","2016-04-04","78","eileen","","10.00",2,"1.00",2016,0,"","78","EUR","K"
0,"1500000550","2016-02-05","2016-02-05","F1V5","Thunder Winding Corp.","","10.00",2,"1.00",2016,0,"","F1V5","EUR","K"
0,"1500001381","2016-04-04","2016-04-04","78","eileen","","10.00",2,"1.00",2016,0,"","78","EUR","K"
0,"1500000551","2016-02-05","2016-02-05","F1V5","Thunder Winding Corp.","","10.00",2,"1.00",2016,0,"","F1V5","EUR","K"
0,"1500001394","2016-04-05","2016-04-05","78","eileen","","10.00",2,"1.00",2016,0,"","78","EUR","K"
0,"1500001389","2016-04-05","2016-04-05","78","eileen","","10.00",2,"1.00",2016,0,"","78","EUR","K"
0,"1500000557","2016-02-05","2016-02-05","F1V5","Thunder Winding Corp.","","10.00",2,"1.00",2016,0,"","F1V5","EUR","K"
0,"1500001388","2016-04-05","2016-04-05","78","eileen","","10.00",2,"1.00",2016,0,"","78","EUR","K"
0,"1500000552","2016-02-05","2016-02-05","F1V1","Hessen Manufakturbetrieb GmbH","","1190.00",2,"1.00",2016,0,"","F1V1","EUR","K"
0,"1500001401","2016-04-06","2016-04-06","78","eileen","","10.00",2,"1.00",2016,0,"","78","EUR","K"
0,"1500001396","2016-04-06","2016-04-06","78","eileen","","10.00",2,"1.00",2016,0,"","78","EUR","K"
0,"100002408","2016-02-05","2016-02-05","F1V6","NY Bolt and Nut Inc.","","8.86",5,"1.00",2016,0,"","F1V6","EUR","K"
0,"1500001395","2016-04-06","2016-04-06","78","eileen","","10.00",2,"1.00",2016,0,"","78","EUR","K"
0,"100002408","2016-02-05","2016-02-05","F1V1","Hessen Manufakturbetrieb GmbH","","68.34",3,"1.00",2016,0,"","F1V1","EUR","K"
0,"1500001402","2016-04-07","2016-04-07","78","eileen","","10.00",2,"1.00",2016,0,"","78","EUR","K"
0,"1500001403","2016-04-08","2016-04-08","78","eileen","","10.00",2,"1.00",2016,0,"","78","EUR","K"
0,"100002407","2016-02-05","2016-02-05","F1V6","NY Bolt and Nut Inc.","","146.76",5,"1.00",2016,0,"","F1V6","EUR","K"
0,"1500001404","2016-04-08","2016-04-08","78","eileen","","10.00",2,"1.00",2016,0,"","78","EUR","K"
0,"100002407","2016-02-05","2016-02-05","F1V1","Hessen Manufakturbetrieb GmbH","","322.24",3,"1.00",2016,0,"","F1V1","EUR","K"
0,"1500001409","2016-04-08","2016-04-08","78","eileen","","10.00",2,"1.00",2016,0,"","78","EUR","K"
0,"100002498","2016-02-06","2016-02-06","F1V1","Hessen Manufakturbetrieb GmbH","","149.45",3,"1.00",2016,0,"","F1V1","EUR","K"
0,"1500001410","2016-04-09","2016-04-09","78","eileen","","10.00",2,"1.00",2016,0,"","78","EUR","K"
0,"100002498","2016-02-06","2016-02-06","F1V6","NY Bolt and Nut Inc.","","437.30",5,"1.00",2016,0,"","F1V6","EUR","K"
0,"1500001411","2016-04-09","2016-04-09","78","eileen","","10.00",2,"1.00",2016,0,"","78","EUR","K"
0,"1500000562","2016-02-06","2016-02-06","F1V5","Thunder Winding Corp.","","10.00",2,"1.00",2016,0,"","F1V5","EUR","K"
0,"1500001416","2016-04-09","2016-04-09","78","eileen","","10.00",2,"1.00",2016,0,"","78","EUR","K"
0,"1500000559","2016-02-06","2016-02-06","F1V5","Thunder Winding Corp.","","10.00",2,"1.00",2016,0,"","F1V5","EUR","K"
0,"1500001417","2016-04-10","2016-04-10","78","eileen","","10.00",2,"1.00",2016,0,"","78","EUR","K"
0,"1500000558","2016-02-06","2016-02-06","F1V5","Thunder Winding Corp.","","10.00",2,"1.00",2016,0,"","F1V5","EUR","K"
0,"1500001423","2016-04-10","2016-04-10","78","eileen","","10.00",2,"1.00",2016,0,"","78","EUR","K"
0,"1500001418","2016-04-10","2016-04-10","78","eileen","","10.00",2,"1.00",2016,0,"","78","EUR","K"
0,"100002525","2016-02-07","2016-02-07","F1V1","Hessen Manufakturbetrieb GmbH","","13.60",3,"1.00",2016,0,"","F1V1","EUR","K"
0,"1500001430","2016-04-11","2016-04-11","78","eileen","","10.00",2,"1.00",2016,0,"","78","EUR","K"
0,"100002525","2016-02-07","2016-02-07","F1V6","NY Bolt and Nut Inc.","","19.23",5,"1.00",2016,0,"","F1V6","EUR","K"
0,"1500001425","2016-04-11","2016-04-11","78","eileen","","10.00",2,"1.00",2016,0,"","78","EUR","K"
0,"1500000567","2016-02-07","2016-02-07","F1V5","Thunder Winding Corp.","","10.00",2,"1.00",2016,0,"","F1V5","EUR","K"
0,"1500001424","2016-04-11","2016-04-11","78","eileen","","10.00",2,"1.00",2016,0,"","78","EUR","K"
0,"1500000564","2016-02-07","2016-02-07","F1V5","Thunder Winding Corp.","","10.00",2,"1.00",2016,0,"","F1V5","EUR","K"
0,"1500001432","2016-04-12","2016-04-12","78","eileen","","10.00",2,"1.00",2016,0,"","78","EUR","K"
0,"1500000563","2016-02-07","2016-02-07","F1V5","Thunder Winding Corp.","","10.00",2,"1.00",2016,0,"","F1V5","EUR","K"
0,"1500001431","2016-04-12","2016-04-12","78","eileen","","10.00",2,"1.00",2016,0,"","78","EUR","K"
0,"100002552","2016-02-08","2016-02-08","F1V1","Hessen Manufakturbetrieb GmbH","","544.11",3,"1.00",2016,0,"","F1V1","EUR","K"
0,"1500001437","2016-04-12","2016-04-12","78","eileen","","10.00",2,"1.00",2016,0,"","78","EUR","K"
0,"100002552","2016-02-08","2016-02-08","F1V6","NY Bolt and Nut Inc.","","696.93",5,"1.00",2016,0,"","F1V6","EUR","K"
0,"1500001444","2016-04-13","2016-04-13","78","eileen","","10.00",2,"1.00",2016,0,"","78","EUR","K"
0,"1500000569","2016-02-08","2016-02-08","F1V5","Thunder Winding Corp.","","10.00",2,"1.00",2016,0,"","F1V5","EUR","K"
0,"1500001438","2016-04-13","2016-04-13","78","eileen","","10.00",2,"1.00",2016,0,"","78","EUR","K"
0,"1500000568","2016-02-08","2016-02-08","F1V5","Thunder Winding Corp.","","10.00",2,"1.00",2016,0,"","F1V5","EUR","K"
0,"1500001439","2016-04-13","2016-04-13","78","eileen","","10.00",2,"1.00",2016,0,"","78","EUR","K"
0,"1500000572","2016-02-15","2016-02-15","748374837","F1V1","","10.00",2,"1.00",2016,0,"","748374837","EUR","K"
0,"1500001445","2016-04-14","2016-04-14","78","eileen","","10.00",2,"1.00",2016,0,"","78","EUR","K"
0,"1500000574","2016-02-16","2016-02-16","748374837","F1V1","","10.00",2,"1.00",2016,0,"","748374837","EUR","K"
0,"1500001446","2016-04-14","2016-04-14","78","eileen","","10.00",2,"1.00",2016,0,"","78","EUR","K"
0,"1500000573","2016-02-16","2016-02-16","748374837","F1V1","","10.00",2,"1.00",2016,0,"","748374837","EUR","K"
0,"1500001447","2016-04-14","2016-04-14","78","eileen","","10.00",2,"1.00",2016,0,"","78","EUR","K"
0,"1500000575","2016-02-16","2016-02-16","748374837","F1V1","","10.00",2,"1.00",2016,0,"","748374837","EUR","K"
0,"1500001454","2016-04-15","2016-04-15","F1V1","Hessen Manufakturbetrieb GmbH","","1190.00",2,"1.00",2016,0,"","F1V1","EUR","K"
0,"1500000581","2016-02-16","2016-02-16","748374837","F1V1","","10.00",2,"1.00",2016,0,"","748374837","EUR","K"
0,"1500001457","2016-04-15","2016-04-15","F1V1","Hessen Manufakturbetrieb GmbH","","1190.00",2,"1.00",2016,0,"","F1V1","EUR","K"
0,"100002606","2016-02-16","2016-02-16","F1V1","Hessen Manufakturbetrieb GmbH","","10.89",3,"1.00",2016,0,"","F1V1","EUR","K"
0,"1500001456","2016-04-15","2016-04-15","F1V1","Hessen Manufakturbetrieb GmbH","","1190.00",2,"1.00",2016,0,"","F1V1","EUR","K"
0,"1500001455","2016-04-15","2016-04-15","F1V1","Hessen Manufakturbetrieb GmbH","","1190.00",2,"1.00",2016,0,"","F1V1","EUR","K"
0,"1500001448","2016-04-15","2016-04-15","78","eileen","","10.00",2,"1.00",2016,0,"","78","EUR","K"
0,"100002606","2016-02-16","2016-02-16","F1V6","NY Bolt and Nut Inc.","","3.19",5,"1.00",2016,0,"","F1V6","EUR","K"
0,"1500001449","2016-04-15","2016-04-15","78","eileen","","10.00",2,"1.00",2016,0,"","78","EUR","K"
0,"100002649","2016-02-17","2016-02-17","F1V6","NY Bolt and Nut Inc.","","193.31",5,"1.00",2016,0,"","F1V6","EUR","K"
0,"1500001479","2016-04-18","2016-04-18","78","eileen","","10.00",2,"1.00",2016,0,"","78","EUR","K"
0,"100002649","2016-02-17","2016-02-17","F1V1","Hessen Manufakturbetrieb GmbH","","135.47",3,"1.00",2016,0,"","F1V1","EUR","K"
0,"1500001458","2016-04-18","2016-04-18","78","eileen","","10.00",2,"1.00",2016,0,"","78","EUR","K"
0,"100002689","2016-02-17","2016-02-17","F1V6","NY Bolt and Nut Inc.","","156.48",5,"1.00",2016,0,"","F1V6","EUR","K"
0,"1500001494","2016-04-19","2016-04-19","78","eileen","","10.00",2,"1.00",2016,0,"","78","EUR","K"
0,"1500001481","2016-04-19","2016-04-19","78","eileen","","10.00",2,"1.00",2016,0,"","78","EUR","K"
0,"100002662","2016-02-17","2016-02-17","F1V1","Hessen Manufakturbetrieb GmbH","","461.69",3,"1.00",2016,0,"","F1V1","EUR","K"
0,"1500001482","2016-04-19","2016-04-19","78","eileen","","10.00",2,"1.00",2016,0,"","78","EUR","K"
0,"100002689","2016-02-17","2016-02-17","F1V1","Hessen Manufakturbetrieb GmbH","","190.72",3,"1.00",2016,0,"","F1V1","EUR","K"
0,"1500001500","2016-04-20","2016-04-20","78","eileen","","10.00",2,"1.00",2016,0,"","78","EUR","K"
0,"100002662","2016-02-17","2016-02-17","F1V6","NY Bolt and Nut Inc.","","359.45",5,"1.00",2016,0,"","F1V6","EUR","K"
0,"1500001501","2016-04-20","2016-04-20","78","eileen","","10.00",2,"1.00",2016,0,"","78","EUR","K"
0,"100002663","2016-02-17","2016-02-17","F1V1","Hessen Manufakturbetrieb GmbH","","116.05",3,"1.00",2016,0,"","F1V1","EUR","K"
0,"1500001523","2016-04-20","2016-04-20","TESTER02","Test","","10.00",2,"1.00",2016,0,"","TESTER02","EUR","K"
0,"100002663","2016-02-17","2016-02-17","F1V6","NY Bolt and Nut Inc.","","35.47",5,"1.00",2016,0,"","F1V6","EUR","K"
0,"1500001553","2016-04-21","2016-04-21","F1V1","Hessen Manufakturbetrieb GmbH","","1190.00",2,"1.00",2016,0,"","F1V1","EUR","K"
0,"1500000583","2016-02-17","2016-02-17","748374837","F1V1","","10.00",2,"1.00",2016,0,"","748374837","EUR","K"
0,"1500001554","2016-04-21","2016-04-21","F1V5","Thunder Winding Corp.","","1190.00",2,"1.00",2016,0,"","F1V5","EUR","K"
0,"1500000586","2016-02-17","2016-02-17","748374837","F1V1","","10.00",2,"1.00",2016,0,"","748374837","EUR","K"
0,"1500001555","2016-04-21","2016-04-21","F1V5","Thunder Winding Corp.","","1190.00",2,"1.00",2016,0,"","F1V5","EUR","K"
0,"100002667","2016-02-17","2016-02-17","F1V6","NY Bolt and Nut Inc.","","27.58",5,"1.00",2016,0,"","F1V6","EUR","K"
0,"1500001535","2016-04-21","2016-04-21","TESTER02","Test","","10.00",2,"1.00",2016,0,"","TESTER02","EUR","K"
0,"100002667","2016-02-17","2016-02-17","F1V1","Hessen Manufakturbetrieb GmbH","","31.38",3,"1.00",2016,0,"","F1V1","EUR","K"
0,"1500001536","2016-04-21","2016-04-21","TESTER02","Test","","10.00",2,"1.00",2016,0,"","TESTER02","EUR","K"
0,"100002664","2016-02-17","2016-02-17","F1V6","NY Bolt and Nut Inc.","","397.69",5,"1.00",2016,0,"","F1V6","EUR","K"
0,"1500001566","2016-04-21","2016-04-21","TESTER02","Test","","10.00",2,"1.00",2016,0,"","TESTER02","EUR","K"
0,"100002664","2016-02-17","2016-02-17","F1V1","Hessen Manufakturbetrieb GmbH","","308.38",3,"1.00",2016,0,"","F1V1","EUR","K"
0,"1500001578","2016-04-22","2016-04-22","TESTER02","Test","","10.00",2,"1.00",2016,0,"","TESTER02","EUR","K"
0,"1500000595","2016-02-18","2016-02-18","748374837","F1V1","","10.00",2,"1.00",2016,0,"","748374837","EUR","K"
0,"1500001579","2016-04-22","2016-04-22","TESTER02","Test","","10.00",2,"1.00",2016,0,"","TESTER02","EUR","K"
0,"1500000596","2016-02-18","2016-02-18","748374837","F1V1","","10.00",2,"1.00",2016,0,"","748374837","EUR","K"
0,"1500001595","2016-04-22","2016-04-22","TESTER02","Test","","10.00",2,"1.00",2016,0,"","TESTER02","EUR","K"
0,"1500000597","2016-02-18","2016-02-18","748374837","F1V1","","10.00",2,"1.00",2016,0,"","748374837","EUR","K"
0,"1500001624","2016-04-23","2016-04-23","TESTER02","Test","","10.00",2,"1.00",2016,0,"","TESTER02","EUR","K"
0,"1500000598","2016-02-18","2016-02-18","748374837","F1V1","","10.00",2,"1.00",2016,0,"","748374837","EUR","K"
0,"1500000600","2016-02-19","2016-02-19","78","eileen","","10.00",2,"1.00",2016,0,"","78","EUR","K"
0,"1500001608","2016-04-23","2016-04-23","TESTER02","Test","","10.00",2,"1.00",2016,0,"","TESTER02","EUR","K"
0,"1500000601","2016-02-19","2016-02-19","78","eileen","","10.00",2,"1.00",2016,0,"","78","EUR","K"
0,"1500001607","2016-04-23","2016-04-23","TESTER02","Test","","10.00",2,"1.00",2016,0,"","TESTER02","EUR","K"
0,"1500000606","2016-02-19","2016-02-19","78","eileen","","10.00",2,"1.00",2016,0,"","78","EUR","K"
0,"1500001653","2016-04-24","2016-04-24","TESTER02","Test","","10.00",2,"1.00",2016,0,"","TESTER02","EUR","K"
0,"1500000613","2016-02-20","2016-02-20","78","eileen","","10.00",2,"1.00",2016,0,"","78","EUR","K"
0,"1500001637","2016-04-24","2016-04-24","TESTER02","Test","","10.00",2,"1.00",2016,0,"","TESTER02","EUR","K"
0,"1500000608","2016-02-20","2016-02-20","78","eileen","","10.00",2,"1.00",2016,0,"","78","EUR","K"
0,"1500000607","2016-02-20","2016-02-20","78","eileen","","10.00",2,"1.00",2016,0,"","78","EUR","K"
0,"1500001636","2016-04-24","2016-04-24","TESTER02","Test","","10.00",2,"1.00",2016,0,"","TESTER02","EUR","K"
0,"1500001682","2016-04-25","2016-04-25","TESTER02","Test","","10.00",2,"1.00",2016,0,"","TESTER02","EUR","K"
0,"1500000620","2016-02-21","2016-02-21","78","eileen","","10.00",2,"1.00",2016,0,"","78","EUR","K"
0,"1500001666","2016-04-25","2016-04-25","TESTER02","Test","","10.00",2,"1.00",2016,0,"","TESTER02","EUR","K"
0,"1500000615","2016-02-21","2016-02-21","78","eileen","","10.00",2,"1.00",2016,0,"","78","EUR","K"
0,"1500001665","2016-04-25","2016-04-25","TESTER02","Test","","10.00",2,"1.00",2016,0,"","TESTER02","EUR","K"
0,"1500000614","2016-02-21","2016-02-21","78","eileen","","10.00",2,"1.00",2016,0,"","78","EUR","K"
0,"1500001692","2016-04-26","2016-04-26","TESTER02","Test","","10.00",2,"1.00",2016,0,"","TESTER02","EUR","K"
0,"1500000627","2016-02-22","2016-02-22","97","eileen","","10.00",2,"1.00",2016,0,"","97","EUR","K"
0,"1500001693","2016-04-26","2016-04-26","TESTER02","Test","","10.00",2,"1.00",2016,0,"","TESTER02","EUR","K"
0,"1500000622","2016-02-22","2016-02-22","93","test vendor","","10.00",2,"1.00",2016,0,"","93","EUR","K"
0,"1500001709","2016-04-26","2016-04-26","TESTER02","Test","","10.00",2,"1.00",2016,0,"","TESTER02","EUR","K"
0,"1500000621","2016-02-22","2016-02-22","93","test vendor","","10.00",2,"1.00",2016,0,"","93","EUR","K"
0,"1900000000","2016-05-05","2016-05-05","VENDOR02","vendor02","","100.00",2,"0.00",2016,0,"","VENDOR02","CNY","K"
0,"1500000634","2016-02-23","2016-02-23","94","eileen","","10.00",2,"1.00",2016,0,"","94","EUR","K"
0,"1900000001","2016-05-06","2016-05-06","VENDOR02","vendor02","","100.00",2,"0.00",2016,0,"","VENDOR02","CNY","K"
0,"1500000629","2016-02-23","2016-02-23","78","eileen","","10.00",2,"1.00",2016,0,"","78","EUR","K"
0,"1900000002","2016-05-06","2016-05-06","VENDOR02","vendor02","","100.00",2,"0.00",2016,0,"","VENDOR02","CNY","K"
0,"1500000628","2016-02-23","2016-02-23","CL999","CL test company withholding tax","","10.00",2,"1.00",2016,0,"","CL999","EUR","K"
0,"1600000027","2016-05-06","2016-05-06","VENDOR02","vendor02","","100.00",1,"0.00",2016,0,"","VENDOR02","CNY","K"
0,"1500000649","2016-02-24","2016-02-24","94","eileen","","10.00",2,"1.00",2016,0,"","94","EUR","K"
0,"1600000024","2016-05-06","2016-05-06","VENDOR02","vendor02","","100.00",1,"0.00",2016,0,"","VENDOR02","CNY","K"
0,"1500000636","2016-02-24","2016-02-24","78","eileen","","10.00",2,"1.00",2016,0,"","78","EUR","K"
0,"1900000004","2016-05-06","2016-05-06","VENDOR02","vendor02","","100.00",2,"0.00",2016,0,"","VENDOR02","CNY","K"
0,"1500000635","2016-02-24","2016-02-24","94","eileen","","10.00",2,"1.00",2016,0,"","94","EUR","K"
0,"1900000003","2016-05-06","2016-05-06","VENDOR02","vendor02","","100.00",2,"0.00",2016,0,"","VENDOR02","CNY","K"
0,"1500000670","2016-02-25","2016-02-25","94","eileen","","10.00",2,"1.00",2016,0,"","94","EUR","K"
0,"1900000005","2016-05-12","2016-05-12","VENDOR02","vendor02","","100.00",2,"0.00",2016,0,"","VENDOR02","CNY","K"
0,"1500000651","2016-02-25","2016-02-25","78","eileen","","10.00",2,"1.00",2016,0,"","78","EUR","K"
0,"1900000006","2016-05-12","2016-05-12","VENDOR02","vendor02","","100.00",2,"0.00",2016,0,"","VENDOR02","CNY","K"
0,"1500000650","2016-02-25","2016-02-25","78","eileen","","10.00",2,"1.00",2016,0,"","78","EUR","K"
0,"1600000034","2016-05-12","2016-05-12","VENDOR02","vendor02","","100.00",1,"0.00",2016,0,"","VENDOR02","CNY","K"
0,"1500000671","2016-02-26","2016-02-26","78","eileen","","10.00",2,"1.00",2016,0,"","78","EUR","K"
0,"1900000007","2016-06-13","2016-06-13","VENDOR02","vendor02","","100.00",2,"0.00",2016,0,"","VENDOR02","CNY","K"
0,"1500000672","2016-02-26","2016-02-26","78","eileen","","10.00",2,"1.00",2016,0,"","78","EUR","K"
0,"1900000008","2016-06-13","2016-06-13","VENDOR02","vendor02","","100.00",2,"0.00",2016,0,"","VENDOR02","CNY","K"
0,"1500000716","2016-02-26","2016-02-26","78","eileen","","10.00",2,"1.00",2016,0,"","78","EUR","K"
0,"1600000043","2016-06-13","2016-06-13","VENDOR02","vendor02","","100.00",1,"0.00",2016,0,"","VENDOR02","CNY","K"
0,"1500000724","2016-02-27","2016-02-27","WX001","WX001","","10.00",2,"1.00",2016,0,"","WX001","EUR","K"
0,"1900000009","2016-06-13","2016-06-13","VENDOR02","vendor02","","100.00",2,"0.00",2016,0,"","VENDOR02","CNY","K"
0,"1500000732","2016-02-28","2016-02-28","WX001","WX001","","10.00",2,"1.00",2016,0,"","WX001","EUR","K"
0,"1900000010","2016-06-13","2016-06-13","VENDOR02","vendor02","","100.00",2,"0.00",2016,0,"","VENDOR02","CNY","K"
0,"1500000743","2016-02-28","2016-02-28","WX001","WX001","","10.00",2,"1.00",2016,0,"","WX001","EUR","K"
0,"100014899","2016-06-14","2016-06-14","F1V1","Hessen Manufakturbetrieb GmbH","","59.37",3,"1.00",2016,0,"","F1V1","EUR","K"
0,"1500000731","2016-02-28","2016-02-28","WX001","WX001","","10.00",2,"1.00",2016,0,"","WX001","EUR","K"
0,"100014899","2016-06-14","2016-06-14","F1V6","NY Bolt and Nut Inc.","","15.15",5,"1.00",2016,0,"","F1V6","EUR","K"
0,"1500000751","2016-02-29","2016-02-29","WX001","WX001","","10.00",2,"1.00",2016,0,"","WX001","EUR","K"
0,"1500000752","2016-02-29","2016-02-29","WX001","WX001","","10.00",2,"1.00",2016,0,"","WX001","EUR","K"
0,"100014903","2016-06-14","2016-06-14","F1V1","Hessen Manufakturbetrieb GmbH","","514.54",3,"1.00",2016,0,"","F1V1","EUR","K"
0,"1500000763","2016-02-29","2016-02-29","WX001","WX001","","10.00",2,"1.00",2016,0,"","WX001","EUR","K"
0,"100014903","2016-06-14","2016-06-14","F1V6","NY Bolt and Nut Inc.","","141.56",5,"1.00",2016,0,"","F1V6","EUR","K"
0,"1500000767","2016-03-01","2016-03-01","WX001","WX001","","10.00",2,"1.00",2016,0,"","WX001","EUR","K"
0,"1500000001","2016-06-14","2016-06-14","FQM_VE01","FQM_VE01","test","0.00",2,"0.00",2016,0,"","FQM_VE01","EUR","K"
0,"1500000793","2016-03-01","2016-03-01","WX001","WX001","","10.00",2,"1.00",2016,0,"","WX001","EUR","K"
0,"1500001714","2016-06-14","2016-06-14","F1V1","Hessen Manufakturbetrieb GmbH","","1190.00",2,"1.00",2016,0,"","F1V1","EUR","K"
0,"1500000768","2016-03-01","2016-03-01","WX001","WX001","","10.00",2,"1.00",2016,0,"","WX001","EUR","K"
0,"1500001715","2016-06-18","2016-06-18","F1V1","Hessen Manufakturbetrieb GmbH","","1190.00",2,"1.00",2016,0,"","F1V1","EUR","K"
0,"1500000813","2016-03-02","2016-03-02","WX001","WX001","","10.00",2,"1.00",2016,0,"","WX001","EUR","K"
0,"100015081","2016-06-18","2016-06-18","F1V6","NY Bolt and Nut Inc.","","82.14",5,"1.00",2016,0,"","F1V6","EUR","K"
0,"1500000802","2016-03-02","2016-03-02","WX001","WX001","","10.00",2,"1.00",2016,0,"","WX001","EUR","K"
0,"100015081","2016-06-18","2016-06-18","F1V1","Hessen Manufakturbetrieb GmbH","","185.61",3,"1.00",2016,0,"","F1V1","EUR","K"
0,"1500000801","2016-03-02","2016-03-02","WX001","WX001","","10.00",2,"1.00",2016,0,"","WX001","EUR","K"
0,"1500000833","2016-03-03","2016-03-03","78","eileen","","10.00",2,"1.00",2016,0,"","78","EUR","K"
0,"1500000822","2016-03-03","2016-03-03","WX001","WX001","","10.00",2,"1.00",2016,0,"","WX001","EUR","K"
0,"100015077","2016-06-18","2016-06-18","F1V6","NY Bolt and Nut Inc.","","59.32",5,"1.00",2016,0,"","F1V6","EUR","K"
0,"1500000821","2016-03-03","2016-03-03","WX001","WX001","","10.00",2,"1.00",2016,0,"","WX001","EUR","K"
0,"100015077","2016-06-18","2016-06-18","F1V1","Hessen Manufakturbetrieb GmbH","","49.22",3,"1.00",2016,0,"","F1V1","EUR","K"
0,"1500000859","2016-03-04","2016-03-04","78","eileen","","10.00",2,"1.00",2016,0,"","78","EUR","K"
0,"1500001716","2016-06-19","2016-06-19","F1V1","Hessen Manufakturbetrieb GmbH","","1190.00",2,"1.00",2016,0,"","F1V1","EUR","K"
0,"1500000842","2016-03-04","2016-03-04","78","eileen","","10.00",2,"1.00",2016,0,"","78","EUR","K"
0,"100015127","2016-06-19","2016-06-19","F1V6","NY Bolt and Nut Inc.","","88.74",5,"1.00",2016,0,"","F1V6","EUR","K"
0,"1500000841","2016-03-04","2016-03-04","78","eileen","","10.00",2,"1.00",2016,0,"","78","EUR","K"
0,"100015127","2016-06-19","2016-06-19","F1V1","Hessen Manufakturbetrieb GmbH","","344.93",3,"1.00",2016,0,"","F1V1","EUR","K"
0,"1500000879","2016-03-05","2016-03-05","78","eileen","","10.00",2,"1.00",2016,0,"","78","EUR","K"
0,"100015123","2016-06-19","2016-06-19","F1V6","NY Bolt and Nut Inc.","","31.97",5,"1.00",2016,0,"","F1V6","EUR","K"
0,"1500000868","2016-03-05","2016-03-05","78","eileen","","10.00",2,"1.00",2016,0,"","78","EUR","K"
0,"100015123","2016-06-19","2016-06-19","F1V1","Hessen Manufakturbetrieb GmbH","","19.02",3,"1.00",2016,0,"","F1V1","EUR","K"
0,"1500000867","2016-03-05","2016-03-05","78","eileen","","10.00",2,"1.00",2016,0,"","78","EUR","K"
0,"1500000884","2016-03-06","2016-03-06","78","eileen","","10.00",2,"1.00",2016,0,"","78","EUR","K"
0,"1500001717","2016-06-20","2016-06-20","F1V1","Hessen Manufakturbetrieb GmbH","","1190.00",2,"1.00",2016,0,"","F1V1","EUR","K"
0,"1500000896","2016-03-06","2016-03-06","78","eileen","","10.00",2,"1.00",2016,0,"","78","EUR","K"
0,"100015173","2016-06-20","2016-06-20","F1V6","NY Bolt and Nut Inc.","","282.98",5,"1.00",2016,0,"","F1V6","EUR","K"
0,"1500000885","2016-03-06","2016-03-06","78","eileen","","10.00",2,"1.00",2016,0,"","78","EUR","K"
0,"100015173","2016-06-20","2016-06-20","F1V1","Hessen Manufakturbetrieb GmbH","","211.73",3,"1.00",2016,0,"","F1V1","EUR","K"
0,"1500000002","2016-03-07","2016-03-07","T001","T001","","2.00",2,"0.00",2016,0,"","T001","CHF","K"
0,"100015169","2016-06-20","2016-06-20","F1V6","NY Bolt and Nut Inc.","","245.60",5,"1.00",2016,0,"","F1V6","EUR","K"
0,"1500000916","2016-03-07","2016-03-07","78","eileen","","10.00",2,"1.00",2016,0,"","78","EUR","K"
0,"100015169","2016-06-20","2016-06-20","F1V1","Hessen Manufakturbetrieb GmbH","","664.88",3,"1.00",2016,0,"","F1V1","EUR","K"
0,"1500000905","2016-03-07","2016-03-07","78","eileen","","10.00",2,"1.00",2016,0,"","78","EUR","K"
0,"100015218","2016-06-21","2016-06-21","F1V1","Hessen Manufakturbetrieb GmbH","","117.79",3,"1.00",2016,0,"","F1V1","EUR","K"
0,"1500000904","2016-03-07","2016-03-07","78","eileen","","10.00",2,"1.00",2016,0,"","78","EUR","K"
0,"100015214","2016-06-21","2016-06-21","F1V6","NY Bolt and Nut Inc.","","100.21",5,"1.00",2016,0,"","F1V6","EUR","K"
0,"1500000962","2016-03-08","2016-03-08","78","eileen","","10.00",2,"1.00",2016,0,"","78","EUR","K"
0,"100015214","2016-06-21","2016-06-21","F1V1","Hessen Manufakturbetrieb GmbH","","389.11",3,"1.00",2016,0,"","F1V1","EUR","K"
0,"1500000921","2016-03-08","2016-03-08","78","eileen","","10.00",2,"1.00",2016,0,"","78","EUR","K"
0,"100015218","2016-06-21","2016-06-21","F1V6","NY Bolt and Nut Inc.","","162.94",5,"1.00",2016,0,"","F1V6","EUR","K"
0,"1500000920","2016-03-08","2016-03-08","78","eileen","","10.00",2,"1.00",2016,0,"","78","EUR","K"
0,"1500001718","2016-06-21","2016-06-21","F1V1","Hessen Manufakturbetrieb GmbH","","1190.00",2,"1.00",2016,0,"","F1V1","EUR","K"
0,"1500000981","2016-03-09","2016-03-09","78","eileen","","10.00",2,"1.00",2016,0,"","78","EUR","K"
0,"1500000967","2016-03-09","2016-03-09","78","eileen","","10.00",2,"1.00",2016,0,"","78","EUR","K"
0,"100015271","2016-06-22","2016-06-22","F1V1","Hessen Manufakturbetrieb GmbH","","545.58",3,"1.00",2016,0,"","F1V1","EUR","K"
0,"1500000966","2016-03-09","2016-03-09","78","eileen","","10.00",2,"1.00",2016,0,"","78","EUR","K"
0,"100015271","2016-06-22","2016-06-22","F1V6","NY Bolt and Nut Inc.","","464.70",5,"1.00",2016,0,"","F1V6","EUR","K"
0,"1500000993","2016-03-10","2016-03-10","78","eileen","","10.00",2,"1.00",2016,0,"","78","EUR","K"
0,"100015275","2016-06-22","2016-06-22","F1V1","Hessen Manufakturbetrieb GmbH","","348.51",3,"1.00",2016,0,"","F1V1","EUR","K"
0,"1500000982","2016-03-10","2016-03-10","78","eileen","","10.00",2,"1.00",2016,0,"","78","EUR","K"
0,"100015275","2016-06-22","2016-06-22","F1V6","NY Bolt and Nut Inc.","","14.70",5,"1.00",2016,0,"","F1V6","EUR","K"
0,"1500001017","2016-03-11","2016-03-11","78","eileen","","10.00",2,"1.00",2016,0,"","78","EUR","K"
0,"1500001719","2016-06-22","2016-06-22","F1V1","Hessen Manufakturbetrieb GmbH","","1190.00",2,"1.00",2016,0,"","F1V1","EUR","K"
0,"1500001012","2016-03-11","2016-03-11","78","eileen","","10.00",2,"1.00",2016,0,"","78","EUR","K"
0,"1500001721","2016-06-23","2016-06-23","F1V1","Hessen Manufakturbetrieb GmbH","","1190.00",2,"1.00",2016,0,"","F1V1","EUR","K"
0,"1500001001","2016-03-11","2016-03-11","78","eileen","","10.00",2,"1.00",2016,0,"","78","EUR","K"
0,"100015320","2016-06-23","2016-06-23","F1V6","NY Bolt and Nut Inc.","","203.63",5,"1.00",2016,0,"","F1V6","EUR","K"
0,"1700000000","2016-03-11","2016-03-11","WDF05_S2","WDF05_S2","jaja","100.00",2,"0.00",2016,0,"","WDF05_S2","EUR","K"
0,"1500001000","2016-03-11","2016-03-11","78","eileen","","10.00",2,"1.00",2016,0,"","78","EUR","K"
0,"100015320","2016-06-23","2016-06-23","F1V1","Hessen Manufakturbetrieb GmbH","","418.54",3,"1.00",2016,0,"","F1V1","EUR","K"
0,"1500001018","2016-03-12","2016-03-12","78","eileen","","10.00",2,"1.00",2016,0,"","78","EUR","K"
0,"100015316","2016-06-23","2016-06-23","F1V6","NY Bolt and Nut Inc.","","14.28",5,"1.00",2016,0,"","F1V6","EUR","K"
0,"1500001019","2016-03-12","2016-03-12","78","eileen","","10.00",2,"1.00",2016,0,"","78","EUR","K"
0,"100015316","2016-06-23","2016-06-23","F1V1","Hessen Manufakturbetrieb GmbH","","31.48",3,"1.00",2016,0,"","F1V1","EUR","K"
0,"1500001024","2016-03-12","2016-03-12","78","eileen","","10.00",2,"1.00",2016,0,"","78","EUR","K"
0,"100015364","2016-06-24","2016-06-24","F1V1","Hessen Manufakturbetrieb GmbH","","536.91",3,"1.00",2016,0,"","F1V1","EUR","K"
0,"1500001025","2016-03-13","2016-03-13","78","eileen","","10.00",2,"1.00",2016,0,"","78","EUR","K"
0,"100015364","2016-06-24","2016-06-24","F1V6","NY Bolt and Nut Inc.","","371.56",5,"1.00",2016,0,"","F1V6","EUR","K"
0,"1500001026","2016-03-13","2016-03-13","78","eileen","","10.00",2,"1.00",2016,0,"","78","EUR","K"
0,"100015368","2016-06-24","2016-06-24","F1V1","Hessen Manufakturbetrieb GmbH","","153.93",3,"1.00",2016,0,"","F1V1","EUR","K"
0,"1500000003","2016-03-14","2016-03-14","108","Maria R","Parallel valuation test with cross company documen","0.00",2,"0.00",2016,0,"","108","EUR","K"
0,"100015368","2016-06-24","2016-06-24","F1V6","NY Bolt and Nut Inc.","","375.98",5,"1.00",2016,0,"","F1V6","EUR","K"
0,"100000099","2016-03-14","2016-03-14","WDF05_S2","WDF05_S2","huhu","50.00",2,"0.00",2016,0,"","WDF05_S2","EUR","K"
0,"1500001722","2016-06-24","2016-06-24","F1V1","Hessen Manufakturbetrieb GmbH","","1190.00",2,"1.00",2016,0,"","F1V1","EUR","K"
0,"1500001031","2016-03-14","2016-03-14","78","eileen","","10.00",2,"1.00",2016,0,"","78","EUR","K"
0,"1500001723","2016-06-25","2016-06-25","F1V1","Hessen Manufakturbetrieb GmbH","","1190.00",2,"1.00",2016,0,"","F1V1","EUR","K"
0,"1500001032","2016-03-14","2016-03-14","78","eileen","","10.00",2,"1.00",2016,0,"","78","EUR","K"
0,"100015417","2016-06-25","2016-06-25","F1V1","Hessen Manufakturbetrieb GmbH","","351.02",3,"1.00",2016,0,"","F1V1","EUR","K"
0,"1500001033","2016-03-14","2016-03-14","78","eileen","","10.00",2,"1.00",2016,0,"","78","EUR","K"
0,"100015417","2016-06-25","2016-06-25","F1V6","NY Bolt and Nut Inc.","","217.52",5,"1.00",2016,0,"","F1V6","EUR","K"
0,"1500001044","2016-03-14","2016-03-14","78","eileen","","10.00",2,"1.00",2016,0,"","78","EUR","K"
0,"100015421","2016-06-25","2016-06-25","F1V1","Hessen Manufakturbetrieb GmbH","","209.70",3,"1.00",2016,0,"","F1V1","EUR","K"
0,"1500001048","2016-03-15","2016-03-15","78","eileen","","10.00",2,"1.00",2016,0,"","78","EUR","K"
0,"100015421","2016-06-25","2016-06-25","F1V6","NY Bolt and Nut Inc.","","26.99",5,"1.00",2016,0,"","F1V6","EUR","K"
0,"1500001049","2016-03-15","2016-03-15","78","eileen","","10.00",2,"1.00",2016,0,"","78","EUR","K"
0,"100015466","2016-06-26","2016-06-26","F1V6","NY Bolt and Nut Inc.","","61.47",5,"1.00",2016,0,"","F1V6","EUR","K"
0,"100015466","2016-06-26","2016-06-26","F1V1","Hessen Manufakturbetrieb GmbH","","496.60",3,"1.00",2016,0,"","F1V1","EUR","K"
0,"1500001057","2016-03-15","2016-03-15","78","eileen","","10.00",2,"1.00",2016,0,"","78","EUR","K"
0,"1500001067","2016-03-15","2016-03-15","78","eileen","","10.00",2,"1.00",2016,0,"","78","EUR","K"
0,"100015462","2016-06-26","2016-06-26","F1V6","NY Bolt and Nut Inc.","","125.15",5,"1.00",2016,0,"","F1V6","EUR","K"
0,"1500001081","2016-03-16","2016-03-16","78","eileen","","10.00",2,"1.00",2016,0,"","78","EUR","K"
0,"100015462","2016-06-26","2016-06-26","F1V1","Hessen Manufakturbetrieb GmbH","","202.36",3,"1.00",2016,0,"","F1V1","EUR","K"
0,"1500001068","2016-03-16","2016-03-16","78","eileen","","10.00",2,"1.00",2016,0,"","78","EUR","K"
0,"1500001724","2016-06-26","2016-06-26","F1V1","Hessen Manufakturbetrieb GmbH","","1190.00",2,"1.00",2016,0,"","F1V1","EUR","K"
0,"1500001090","2016-03-17","2016-03-17","78","eileen","","10.00",2,"1.00",2016,0,"","78","EUR","K"
0,"1500001725","2016-06-27","2016-06-27","F1V1","Hessen Manufakturbetrieb GmbH","","1190.00",2,"1.00",2016,0,"","F1V1","EUR","K"
0,"1500001086","2016-03-17","2016-03-17","78","eileen","","10.00",2,"1.00",2016,0,"","78","EUR","K"
0,"100015806","2016-06-27","2016-06-27","F1V1","Hessen Manufakturbetrieb GmbH","","220.71",3,"1.00",2016,0,"","F1V1","EUR","K"
0,"1500001085","2016-03-17","2016-03-17","78","eileen","","10.00",2,"1.00",2016,0,"","78","EUR","K"
0,"100015806","2016-06-27","2016-06-27","F1V6","NY Bolt and Nut Inc.","","7.15",5,"1.00",2016,0,"","F1V6","EUR","K"
0,"1500001087","2016-03-17","2016-03-17","F1V1","Hessen Manufakturbetrieb GmbH","","1190.00",2,"1.00",2016,0,"","F1V1","EUR","K"
0,"100015810","2016-06-27","2016-06-27","F1V1","Hessen Manufakturbetrieb GmbH","","339.21",3,"1.00",2016,0,"","F1V1","EUR","K"
0,"100005925","2016-03-18","2016-03-18","F1V6","NY Bolt and Nut Inc.","","129.57",5,"1.00",2016,0,"","F1V6","EUR","K"
0,"1500001095","2016-03-18","2016-03-18","78","eileen","","10.00",2,"1.00",2016,0,"","78","EUR","K"
0,"100015810","2016-06-27","2016-06-27","F1V6","NY Bolt and Nut Inc.","","475.05",5,"1.00",2016,0,"","F1V6","EUR","K"
0,"1500001094","2016-03-18","2016-03-18","78","eileen","","10.00",2,"1.00",2016,0,"","78","EUR","K"
0,"100017386","2016-06-28","2016-06-28","F1V1","Hessen Manufakturbetrieb GmbH","","106.12",3,"1.00",2016,0,"","F1V1","EUR","K"
0,"100005925","2016-03-18","2016-03-18","F1V1","Hessen Manufakturbetrieb GmbH","","147.18",3,"1.00",2016,0,"","F1V1","EUR","K"
0,"100017386","2016-06-28","2016-06-28","F1V6","NY Bolt and Nut Inc.","","36.54",5,"1.00",2016,0,"","F1V6","EUR","K"
0,"100006054","2016-03-19","2016-03-19","F1V1","Hessen Manufakturbetrieb GmbH","","276.79",3,"1.00",2016,0,"","F1V1","EUR","K"
0,"100017390","2016-06-28","2016-06-28","F1V1","Hessen Manufakturbetrieb GmbH","","117.21",3,"1.00",2016,0,"","F1V1","EUR","K"
0,"100006054","2016-03-19","2016-03-19","F1V6","NY Bolt and Nut Inc.","","203.25",5,"1.00",2016,0,"","F1V6","EUR","K"
0,"100017390","2016-06-28","2016-06-28","F1V6","NY Bolt and Nut Inc.","","327.47",5,"1.00",2016,0,"","F1V6","EUR","K"
0,"1500001111","2016-03-19","2016-03-19","78","eileen","","10.00",2,"1.00",2016,0,"","78","EUR","K"
0,"2000000131","2016-06-28","2016-06-28","VEND001","VEND001","","0.00",2,"1.00",2016,0,"","VEND001","EUR","K"
0,"1500001112","2016-03-19","2016-03-19","78","eileen","","10.00",2,"1.00",2016,0,"","78","EUR","K"
0,"1500001726","2016-06-28","2016-06-28","F1V1","Hessen Manufakturbetrieb GmbH","","1190.00",2,"1.00",2016,0,"","F1V1","EUR","K"
0,"1500001125","2016-03-19","2016-03-19","78","eileen","","10.00",2,"1.00",2016,0,"","78","EUR","K"
0,"100018772","2016-06-29","2016-06-29","F1V1","Hessen Manufakturbetrieb GmbH","","242.40",3,"1.00",2016,0,"","F1V1","EUR","K"
0,"1500001130","2016-03-20","2016-03-20","78","eileen","","10.00",2,"1.00",2016,0,"","78","EUR","K"
0,"100018768","2016-06-29","2016-06-29","F1V6","NY Bolt and Nut Inc.","","90.85",5,"1.00",2016,0,"","F1V6","EUR","K"
0,"1500001129","2016-03-20","2016-03-20","78","eileen","","10.00",2,"1.00",2016,0,"","78","EUR","K"
0,"100018768","2016-06-29","2016-06-29","F1V1","Hessen Manufakturbetrieb GmbH","","108.65",3,"1.00",2016,0,"","F1V1","EUR","K"
0,"100006192","2016-03-21","2016-03-21","F1V6","NY Bolt and Nut Inc.","","58.09",5,"1.00",2016,0,"","F1V6","EUR","K"
0,"100018772","2016-06-29","2016-06-29","F1V6","NY Bolt and Nut Inc.","","5.51",5,"1.00",2016,0,"","F1V6","EUR","K"
0,"1500001131","2016-03-21","2016-03-21","78","eileen","","10.00",2,"1.00",2016,0,"","78","EUR","K"
0,"1500001145","2016-03-21","2016-03-21","78","eileen","","10.00",2,"1.00",2016,0,"","78","EUR","K"
0,"1500001727","2016-06-29","2016-06-29","F1V1","Hessen Manufakturbetrieb GmbH","","1190.00",2,"1.00",2016,0,"","F1V1","EUR","K"
0,"100006192","2016-03-21","2016-03-21","F1V1","Hessen Manufakturbetrieb GmbH","","84.12",3,"1.00",2016,0,"","F1V1","EUR","K"
0,"100018814","2016-06-30","2016-06-30","F1V1","Hessen Manufakturbetrieb GmbH","","332.43",3,"1.00",2016,0,"","F1V1","EUR","K"
0,"1500001132","2016-03-21","2016-03-21","78","eileen","","10.00",2,"1.00",2016,0,"","78","EUR","K"
0,"100018814","2016-06-30","2016-06-30","F1V6","NY Bolt and Nut Inc.","","235.76",5,"1.00",2016,0,"","F1V6","EUR","K"
0,"100006411","2016-03-22","2016-03-22","F1V1","Hessen Manufakturbetrieb GmbH","","537.28",3,"1.00",2016,0,"","F1V1","EUR","K"
0,"100018818","2016-06-30","2016-06-30","F1V1","Hessen Manufakturbetrieb GmbH","","676.95",3,"1.00",2016,0,"","F1V1","EUR","K"
0,"100006411","2016-03-22","2016-03-22","F1V6","NY Bolt and Nut Inc.","","22.89",5,"1.00",2016,0,"","F1V6","EUR","K"
0,"1500001728","2016-06-30","2016-06-30","F1V1","Hessen Manufakturbetrieb GmbH","","1190.00",2,"1.00",2016,0,"","F1V1","EUR","K"
0,"1500001146","2016-03-22","2016-03-22","78","eileen","","10.00",2,"1.00",2016,0,"","78","EUR","K"
0,"1500001147","2016-03-22","2016-03-22","78","eileen","","10.00",2,"1.00",2016,0,"","78","EUR","K"
0,"100018818","2016-06-30","2016-06-30","F1V6","NY Bolt and Nut Inc.","","394.21",5,"1.00",2016,0,"","F1V6","EUR","K"
0,"100006405","2016-03-22","2016-03-22","F1V1","Hessen Manufakturbetrieb GmbH","","160.68",3,"1.00",2016,0,"","F1V1","EUR","K"
0,"2000000132","2016-07-01","2016-07-01","CF_DPP_01","Bergmeier Inc.","","5000.00",2,"1.00",2016,0,"","CF_DPP_01","EUR","K"
0,"100006407","2016-03-22","2016-03-22","F1V6","NY Bolt and Nut Inc.","","100.38",5,"1.00",2016,0,"","F1V6","EUR","K"
0,"2000000684","2016-07-01","2016-07-01","F1V1","Hessen Manufakturbetrieb GmbH","","5000.00",2,"1.00",2016,0,"","F1V1","EUR","K"
0,"1500001160","2016-03-22","2016-03-22","78","eileen","","10.00",2,"1.00",2016,0,"","78","EUR","K"
0,"1500001729","2016-07-01","2016-07-01","F1V1","Hessen Manufakturbetrieb GmbH","","1190.00",2,"1.00",2016,0,"","F1V1","EUR","K"
0,"100006407","2016-03-22","2016-03-22","F1V1","Hessen Manufakturbetrieb GmbH","","323.04",3,"1.00",2016,0,"","F1V1","EUR","K"
0,"100018860","2016-07-01","2016-07-01","F1V6","NY Bolt and Nut Inc.","","71.45",5,"1.00",2016,0,"","F1V6","EUR","K"
0,"100006405","2016-03-22","2016-03-22","F1V6","NY Bolt and Nut Inc.","","130.38",5,"1.00",2016,0,"","F1V6","EUR","K"
0,"100018860","2016-07-01","2016-07-01","F1V1","Hessen Manufakturbetrieb GmbH","","28.62",3,"1.00",2016,0,"","F1V1","EUR","K"
0,"100006403","2016-03-22","2016-03-22","F1V6","NY Bolt and Nut Inc.","","83.20",5,"1.00",2016,0,"","F1V6","EUR","K"
0,"1500001730","2016-07-03","2016-07-03","F1V1","Hessen Manufakturbetrieb GmbH","","1190.00",2,"1.00",2016,0,"","F1V1","EUR","K"
0,"100006403","2016-03-22","2016-03-22","F1V1","Hessen Manufakturbetrieb GmbH","","16.99",3,"1.00",2016,0,"","F1V1","EUR","K"
0,"1600000057","2016-07-04","2016-07-04","VENDOR02","vendor02","","100.00",1,"0.00",2016,0,"","VENDOR02","CNY","K"
0,"100006401","2016-03-22","2016-03-22","F1V6","NY Bolt and Nut Inc.","","905.22",5,"1.00",2016,0,"","F1V6","EUR","K"
0,"1900000012","2016-07-04","2016-07-04","VENDOR02","vendor02","","100.00",2,"0.00",2016,0,"","VENDOR02","CNY","K"
0,"100006401","2016-03-22","2016-03-22","F1V1","Hessen Manufakturbetrieb GmbH","","470.73",3,"1.00",2016,0,"","F1V1","EUR","K"
0,"1900000011","2016-07-04","2016-07-04","VENDOR02","vendor02","","100.00",2,"0.00",2016,0,"","VENDOR02","CNY","K"
0,"100006338","2016-03-22","2016-03-22","F1V6","NY Bolt and Nut Inc.","","579.09",5,"1.00",2016,0,"","F1V6","EUR","K"
0,"1500001736","2016-07-05","2016-07-05","FIO-CHRV02","Second Electronics Shop","","10.00",2,"1.00",2016,0,"","FIO-CHRV02","EUR","K"
0,"100006338","2016-03-22","2016-03-22","F1V1","Hessen Manufakturbetrieb GmbH","","641.80",3,"1.00",2016,0,"","F1V1","EUR","K"
0,"1500001735","2016-07-05","2016-07-05","FIO-CHRV02","Second Electronics Shop","","10.00",2,"1.00",2016,0,"","FIO-CHRV02","EUR","K"
0,"1500001164","2016-03-23","2016-03-23","78","eileen","","10.00",2,"1.00",2016,0,"","78","EUR","K"
0,"1500001734","2016-07-05","2016-07-05","F1V1","Hessen Manufakturbetrieb GmbH","","1190.00",2,"1.00",2016,0,"","F1V1","EUR","K"
0,"1500001165","2016-03-23","2016-03-23","78","eileen","","10.00",2,"1.00",2016,0,"","78","EUR","K"
0,"1500001733","2016-07-05","2016-07-05","F1V1","Hessen Manufakturbetrieb GmbH","","100.00",2,"1.00",2016,0,"","F1V1","EUR","K"
0,"1500001194","2016-03-23","2016-03-23","78","eileen","","10.00",2,"1.00",2016,0,"","78","EUR","K"
0,"1500001737","2016-07-05","2016-07-05","FIO-CHRV02","Second Electronics Shop","","10.00",2,"1.00",2016,0,"","FIO-CHRV02","EUR","K"
0,"1500001201","2016-03-24","2016-03-24","78","eileen","","10.00",2,"1.00",2016,0,"","78","EUR","K"
0,"1500001805","2016-07-11","2016-07-11","FIO-VEND04","Electronics Store","","10.00",2,"1.00",2016,0,"","FIO-VEND04","EUR","K"
0,"1500001818","2016-07-12","2016-07-12","FIO-VEND04","Electronics Store","","10.00",2,"1.00",2016,0,"","FIO-VEND04","EUR","K"
0,"1500001202","2016-03-24","2016-03-24","78","eileen","","10.00",2,"1.00",2016,0,"","78","EUR","K"
0,"1500001218","2016-03-24","2016-03-24","78","eileen","","10.00",2,"1.00",2016,0,"","78","EUR","K"
0,"1500001834","2016-07-13","2016-07-13","FIO-VEND04","Electronics Store","","10.00",2,"1.00",2016,0,"","FIO-VEND04","EUR","K"
0,"1500001222","2016-03-25","2016-03-25","78","eileen","","10.00",2,"1.00",2016,0,"","78","EUR","K"
0,"1500001940","2016-07-13","2016-07-13","12","WTY Dealer WTY Dealer","","1701.50",2,"1.00",2016,0,"","12","EUR","K"
0,"1500001223","2016-03-25","2016-03-25","78","eileen","","10.00",2,"1.00",2016,0,"","78","EUR","K"
0,"1500001850","2016-07-14","2016-07-14","FIO-VEND04","Electronics Store","","10.00",2,"1.00",2016,0,"","FIO-VEND04","EUR","K"
0,"1500001236","2016-03-25","2016-03-25","78","eileen","","10.00",2,"1.00",2016,0,"","78","EUR","K"
0,"1500001941","2016-07-15","2016-07-15","12","WTY Dealer WTY Dealer","","1190.00",2,"1.00",2016,0,"","12","EUR","K"
0,"1500001240","2016-03-26","2016-03-26","78","eileen","","10.00",2,"1.00",2016,0,"","78","EUR","K"
0,"1500001851","2016-07-15","2016-07-15","FIO-VEND02","Electronics & Co.","","10.00",2,"1.00",2016,0,"","FIO-VEND02","EUR","K"
0,"1500001241","2016-03-26","2016-03-26","78","eileen","","10.00",2,"1.00",2016,0,"","78","EUR","K"
0,"1500001867","2016-07-16","2016-07-16","FIO-VEND02","Electronics & Co.","","10.00",2,"1.00",2016,0,"","FIO-VEND02","EUR","K"
0,"1500001252","2016-03-26","2016-03-26","78","eileen","","10.00",2,"1.00",2016,0,"","78","EUR","K"
0,"1500001883","2016-07-17","2016-07-17","FIO-VEND02","Electronics & Co.","","10.00",2,"1.00",2016,0,"","FIO-VEND02","EUR","K"
0,"1500001259","2016-03-27","2016-03-27","78","eileen","","10.00",2,"1.00",2016,0,"","78","EUR","K"
0,"1500001963","2016-07-18","2016-07-18","12","WTY Dealer WTY Dealer","","1701.50",2,"1.00",2016,0,"","12","EUR","K"
0,"1500001260","2016-03-27","2016-03-27","78","eileen","","10.00",2,"1.00",2016,0,"","78","EUR","K"
0,"1500001899","2016-07-18","2016-07-18","FIO-VEND02","Electronics & Co.","","10.00",2,"1.00",2016,0,"","FIO-VEND02","EUR","K"
0,"1500001273","2016-03-27","2016-03-27","78","eileen","","10.00",2,"1.00",2016,0,"","78","EUR","K"
0,"1500001915","2016-07-19","2016-07-19","FIO-VEND02","Electronics & Co.","","10.00",2,"1.00",2016,0,"","FIO-VEND02","EUR","K"
0,"1500001294","2016-03-28","2016-03-28","78","eileen","","10.00",2,"1.00",2016,0,"","78","EUR","K"
0,"1600000067","2016-07-20","2016-07-20","VENDOR02","vendor02","","100.00",1,"0.00",2016,0,"","VENDOR02","CNY","K"
0,"1500001281","2016-03-28","2016-03-28","78","eileen","","10.00",2,"1.00",2016,0,"","78","EUR","K"
0,"1900000014","2016-07-20","2016-07-20","VENDOR02","vendor02","","100.00",2,"0.00",2016,0,"","VENDOR02","CNY","K"
0,"1500001280","2016-03-28","2016-03-28","78","eileen","","10.00",2,"1.00",2016,0,"","78","EUR","K"
0,"1900000013","2016-07-20","2016-07-20","VENDOR02","vendor02","","100.00",2,"0.00",2016,0,"","VENDOR02","CNY","K"
0,"1500001312","2016-03-29","2016-03-29","78","eileen","","10.00",2,"1.00",2016,0,"","78","EUR","K"
0,"1500001942","2016-07-20","2016-07-20","TOM","Tom L.","","100.00",2,"1.00",2016,0,"","TOM","EUR","K"
0,"1500001299","2016-03-29","2016-03-29","78","eileen","","10.00",2,"1.00",2016,0,"","78","EUR","K"
0,"1500001946","2016-07-20","2016-07-20","F1V1","Hessen Manufakturbetrieb GmbH","","1190.00",2,"1.00",2016,0,"","F1V1","EUR","K"
0,"1500001943","2016-07-20","2016-07-20","F1V1","Hessen Manufakturbetrieb GmbH","","100.00",2,"1.00",2016,0,"","F1V1","EUR","K"
0,"1500000325","2015-11-20","2015-11-20","WX001","WX001","","10.00",2,"1.00",2015,0,"","WX001","EUR","K"
0,"1500000331","2015-11-21","2015-11-21","WX001","WX001","","10.00",2,"1.00",2015,0,"","WX001","EUR","K"
0,"1500000328","2015-01-01","2015-11-20","F1V1","Hessen Manufakturbetrieb GmbH","","100.00",2,"1.00",2015,0,"","F1V1","USD","K"
0,"1500000330","2015-11-21","2015-11-21","WX001","WX001","","10.00",2,"1.00",2015,0,"","WX001","EUR","K"
0,"1500000041","2015-04-20","2015-04-20","F1V0","Legend assembly Co.\,Ltd.","test","0.00",2,"1.00",2015,0,"","F1V0","EUR","K"
0,"1500000333","2015-11-22","2015-11-22","WX001","WX001","","10.00",2,"1.00",2015,0,"","WX001","EUR","K"
0,"100000000","2015-04-22","2015-04-22","F2V0","Zen alloying Co.\,Ltd.","","1000.00",1,"2.00",2015,0,"","F2V0","USD","K"
0,"1500000332","2015-11-22","2015-11-22","WX001","WX001","","10.00",2,"1.00",2015,0,"","WX001","EUR","K"
0,"100000138","2015-04-23","2015-04-23","271","zhang","","2000.00",1,"1.00",2015,0,"","271","EUR","K"
0,"1500000334","2015-11-23","2015-11-23","WX001","WX001","","10.00",2,"1.00",2015,0,"","WX001","EUR","K"
0,"100000163","2015-04-29","2015-04-29","271","zhang","","3000.00",1,"1.00",2015,0,"","271","EUR","K"
0,"1500000335","2015-11-23","2015-11-23","WX001","WX001","","10.00",2,"1.00",2015,0,"","WX001","EUR","K"
0,"1500000000","2015-07-02","2015-07-02","312","Vendor 1st for 0001","","20000.00",3,"1.00",2015,0,"","312","EUR","K"
0,"1500000340","2015-11-24","2015-11-24","WX001","WX001","","10.00",2,"1.00",2015,0,"","WX001","EUR","K"
0,"1500000000","2015-07-02","2015-07-02","312","Vendor 1st for 0001","partial","0.00",2,"1.00",2015,0,"","312","EUR","K"
0,"1500000341","2015-11-24","2015-11-24","WX001","WX001","","10.00",2,"1.00",2015,0,"","WX001","EUR","K"
0,"1500000002","2015-07-22","2015-07-22","VEN01","VEN01","","101.00",2,"0.00",2015,0,"","VEN01","USD","K"
0,"1500000342","2015-11-25","2015-11-25","WX001","WX001","","10.00",2,"1.00",2015,0,"","WX001","EUR","K"
0,"1500000006","2015-07-22","2015-07-22","VEN01","VEN01","","101.00",2,"0.00",2015,0,"","VEN01","USD","K"
0,"1500000343","2015-11-25","2015-11-25","WX001","WX001","","10.00",2,"1.00",2015,0,"","WX001","EUR","K"
0,"1500000007","2015-07-22","2015-07-22","VEN01","VEN01","","101.00",2,"0.00",2015,0,"","VEN01","USD","K"
0,"1500000346","2015-11-26","2015-11-26","WX001","WX001","","10.00",2,"1.00",2015,0,"","WX001","EUR","K"
0,"1500000009","2015-07-22","2015-07-22","VEN01","VEN01","","101.00",2,"0.00",2015,0,"","VEN01","USD","K"
0,"1500000347","2015-11-26","2015-11-26","WX001","WX001","","10.00",2,"1.00",2015,0,"","WX001","EUR","K"
0,"1500000010","2015-07-22","2015-07-22","VEN01","VEN01","","101.00",2,"0.00",2015,0,"","VEN01","USD","K"
0,"1500000350","2015-11-27","2015-11-27","WX001","WX001","","10.00",2,"1.00",2015,0,"","WX001","EUR","K"
0,"1500000004","2015-07-23","2015-07-23","VEN01","VEN01","","101.00",2,"0.00",2015,0,"","VEN01","USD","K"
0,"1500000351","2015-11-27","2015-11-27","WX001","WX001","","10.00",2,"1.00",2015,0,"","WX001","EUR","K"
0,"1500000097","2015-07-24","2015-07-24","F1V1","Hessen Manufakturbetrieb GmbH","","1190.00",2,"1.00",2015,0,"","F1V1","EUR","K"
0,"1500000356","2015-11-28","2015-11-28","WX001","WX001","","10.00",2,"1.00",2015,0,"","WX001","EUR","K"
0,"1500000024","2015-07-28","2015-07-28","ER_V1","Elena R.","","485.00",2,"1.00",2015,0,"","ER_V1","EUR","K"
0,"1500000355","2015-11-28","2015-11-28","WX001","WX001","","10.00",2,"1.00",2015,0,"","WX001","EUR","K"
0,"1500000082","2015-07-28","2015-07-28","ER_V1","Elena R.","","1000.00",1,"1.00",2015,0,"","ER_V1","EUR","K"
0,"1500000358","2015-11-29","2015-11-29","WX001","WX001","","10.00",2,"1.00",2015,0,"","WX001","EUR","K"
0,"1500000104","2015-07-29","2015-07-29","F1V1","Hessen Manufakturbetrieb GmbH","","1190.00",2,"1.00",2015,0,"","F1V1","EUR","K"
0,"1500000357","2015-11-29","2015-11-29","WX001","WX001","","10.00",2,"1.00",2015,0,"","WX001","EUR","K"
0,"2000000006","2015-08-03","2015-08-03","312","Vendor 1st for 0001","","88.00",2,"1.00",2015,0,"","312","EUR","K"
0,"1500000360","2015-11-30","2015-11-30","WX001","WX001","","10.00",2,"1.00",2015,0,"","WX001","EUR","K"
0,"2000000011","2015-08-03","2015-08-03","312","Vendor 1st for 0001","","88.00",2,"1.00",2015,0,"","312","EUR","K"
0,"1500000359","2015-11-30","2015-11-30","WX001","WX001","","10.00",2,"1.00",2015,0,"","WX001","EUR","K"
0,"1500000119","2015-08-03","2015-08-03","358","JUL01 Vendor","","321.00",2,"1.00",2015,0,"","358","EUR","K"
0,"1500000361","2015-12-01","2015-12-01","WX001","WX001","","10.00",2,"1.00",2015,0,"","WX001","EUR","K"
0,"1500000125","2015-08-05","2015-08-05","281","Vendor281","","1000.00",1,"1.00",2015,0,"","281","USD","K"
0,"1500000362","2015-12-01","2015-12-01","WX001","WX001","","10.00",2,"1.00",2015,0,"","WX001","EUR","K"
0,"1500000122","2015-08-05","2015-08-05","358","JUL01 Vendor","","312.00",2,"1.00",2015,0,"","358","EUR","K"
0,"1500000145","2015-08-10","2015-08-10","F1V9","Appawa Controls Co.\, Ltd","","111.00",2,"1.00",2015,0,"","F1V9","EUR","K"
0,"1500000365","2015-12-02","2015-12-02","WX001","WX001","","10.00",2,"1.00",2015,0,"","WX001","EUR","K"
0,"1500000051","2015-08-12","2015-08-10","312","Vendor 1st for 0001","","100.00",2,"1.00",2015,0,"","312","EUR","K"
0,"1500000366","2015-12-02","2015-12-02","WX001","WX001","","10.00",2,"1.00",2015,0,"","WX001","EUR","K"
0,"1500000153","2015-08-14","2015-08-14","F1V1","Hessen Manufakturbetrieb GmbH","text123","80.00",3,"1.00",2015,0,"","F1V1","CHF","K"
0,"1500000368","2015-12-03","2015-12-03","WX001","WX001","","10.00",2,"1.00",2015,0,"","WX001","EUR","K"
0,"1500000150","2015-08-14","2015-08-14","F1V1","Hessen Manufakturbetrieb GmbH","","10.00",2,"1.00",2015,0,"","F1V1","EUR","K"
0,"1500000367","2015-12-03","2015-12-03","WX001","WX001","","10.00",2,"1.00",2015,0,"","WX001","EUR","K"
0,"1500000151","2015-08-14","2015-08-14","F1V9","Appawa Controls Co.\, Ltd","","100.00",2,"1.00",2015,0,"","F1V9","EUR","K"
0,"1500000369","2015-12-04","2015-12-04","WX001","WX001","","10.00",2,"1.00",2015,0,"","WX001","EUR","K"
0,"1500000152","2015-08-14","2015-08-14","F1V1","Hessen Manufakturbetrieb GmbH","","100.00",2,"1.00",2015,0,"","F1V1","EUR","K"
0,"1500000370","2015-12-04","2015-12-04","WX001","WX001","","10.00",2,"1.00",2015,0,"","WX001","EUR","K"
0,"2000000011","2015-08-16","2015-08-16","VEN12","VEN 12","","100.00",1,"0.00",2015,0,"","VEN12","CAD","K"
0,"1500000372","2015-12-05","2015-12-05","WX001","WX001","","10.00",2,"1.00",2015,0,"","WX001","EUR","K"
0,"1500000012","2015-08-16","2015-08-16","VEN12","VEN 12","","100.00",2,"0.00",2015,0,"","VEN12","CAD","K"
0,"1500000371","2015-12-05","2015-12-05","WX001","WX001","","10.00",2,"1.00",2015,0,"","WX001","EUR","K"
0,"1500000155","2015-08-17","2015-08-17","F1V1","Hessen Manufakturbetrieb GmbH","","123.02",2,"1.00",2015,0,"","F1V1","EUR","K"
0,"1500000374","2015-12-06","2015-12-06","WX001","WX001","","10.00",2,"1.00",2015,0,"","WX001","EUR","K"
0,"1500000154","2015-08-17","2015-08-17","F1V1","Hessen Manufakturbetrieb GmbH","","123.01",2,"1.00",2015,0,"","F1V1","EUR","K"
0,"1500000373","2015-12-06","2015-12-06","WX001","WX001","","10.00",2,"1.00",2015,0,"","WX001","EUR","K"
0,"1500000156","2015-08-17","2015-08-17","F1V1","Hessen Manufakturbetrieb GmbH","","100.00",2,"1.00",2015,0,"","F1V1","EUR","K"
0,"1500000375","2015-12-07","2015-12-07","WX001","WX001","","10.00",2,"1.00",2015,0,"","WX001","EUR","K"
0,"1500000073","2015-08-18","2015-08-18","312","Vendor 1st for 0001","","100.00",2,"1.00",2015,0,"","312","EUR","K"
0,"1500000376","2015-12-07","2015-12-07","WX001","WX001","","10.00",2,"1.00",2015,0,"","WX001","EUR","K"
0,"100000058","2015-08-18","2015-08-18","FQM_VE01","FQM_VE01","","12500.00",2,"0.00",2015,0,"","FQM_VE01","EUR","K"
0,"100001113","2015-12-08","2015-12-08","F1V1","Hessen Manufakturbetrieb GmbH","","200.00",3,"1.00",2015,0,"","F1V1","EUR","K"
0,"1500000075","2015-08-19","2015-08-19","CL001","CL test company withholding tax","","31.00",2,"1.00",2015,0,"","CL001","CNY","K"
0,"1500000378","2015-12-08","2015-12-08","WX001","WX001","","10.00",2,"1.00",2015,0,"","WX001","EUR","K"
0,"1500000034","2015-08-20","2015-08-20","FQM_VE01","FQM_VE01","","500.00",2,"0.00",2015,0,"","FQM_VE01","EUR","K"
0,"1500000379","2015-12-08","2015-12-08","WX001","WX001","","10.00",2,"1.00",2015,0,"","WX001","EUR","K"
0,"1500000036","2015-08-20","2015-08-20","FQM_VE01","FQM_VE01","","500.00",2,"0.00",2015,0,"","FQM_VE01","EUR","K"
0,"100001113","2015-12-08","2015-12-08","F1V0","Legend assembly Co.\,Ltd.","","100.00",2,"1.00",2015,0,"","F1V0","EUR","K"
0,"1500000038","2015-08-20","2015-08-20","FQM_VE01","FQM_VE01","","500.00",2,"0.00",2015,0,"","FQM_VE01","EUR","K"
0,"1500000380","2015-12-09","2015-12-09","WX001","WX001","","10.00",2,"1.00",2015,0,"","WX001","EUR","K"
0,"1500000035","2015-08-20","2015-08-20","FQM_VE01","FQM_VE01","","500.00",2,"0.00",2015,0,"","FQM_VE01","EUR","K"
0,"1500000381","2015-12-09","2015-12-09","WX001","WX001","","10.00",2,"1.00",2015,0,"","WX001","EUR","K"
0,"1500000032","2015-08-20","2015-08-20","FQM_VE01","FQM_VE01","","500.00",2,"0.00",2015,0,"","FQM_VE01","EUR","K"
0,"1500000382","2015-12-10","2015-12-10","WX001","WX001","","10.00",2,"1.00",2015,0,"","WX001","EUR","K"
0,"1500000063","2015-08-20","2015-08-20","FQM_VE01","FQM_VE01","","6.00",2,"0.00",2015,0,"","FQM_VE01","EUR","K"
0,"1500000383","2015-12-10","2015-12-10","WX001","WX001","","10.00",2,"1.00",2015,0,"","WX001","EUR","K"
0,"1500000086","2015-08-21","2015-08-21","312","Vendor 1st for 0001","","1.00",2,"1.00",2015,0,"","312","USD","K"
0,"1500000384","2015-12-11","2015-12-11","WX001","WX001","","10.00",2,"1.00",2015,0,"","WX001","EUR","K"
0,"1500000089","2015-08-24","2015-08-24","1000143","VenCo Ltd","","10.00",2,"1.00",2015,0,"","1000143","USD","K"
0,"1500000385","2015-12-11","2015-12-11","WX001","WX001","","10.00",2,"1.00",2015,0,"","WX001","EUR","K"
0,"1500000164","2015-08-25","2015-08-25","F1V9","Appawa Controls Co.\, Ltd","","1000.00",2,"1.00",2015,0,"","F1V9","USD","K"
0,"1500000386","2015-12-12","2015-12-12","WX001","WX001","","10.00",2,"1.00",2015,0,"","WX001","EUR","K"
0,"1500000166","2015-08-25","2015-08-25","F1V0","Legend assembly Co.\,Ltd.","","10.00",2,"1.00",2015,0,"","F1V0","USD","K"
0,"1500000387","2015-12-12","2015-12-12","WX001","WX001","","10.00",2,"1.00",2015,0,"","WX001","EUR","K"
0,"1500000163","2015-08-25","2015-08-25","F1V9","Appawa Controls Co.\, Ltd","STR","123456789.00",2,"1.00",2015,0,"","F1V9","USD","K"
0,"1500000388","2015-12-13","2015-12-13","WX001","WX001","","10.00",2,"1.00",2015,0,"","WX001","EUR","K"
0,"1500000389","2015-12-13","2015-12-13","WX001","WX001","","10.00",2,"1.00",2015,0,"","WX001","EUR","K"
0,"1500000165","2015-08-25","2015-08-25","F1V0","Legend assembly Co.\,Ltd.","","1111.00",2,"1.00",2015,0,"","F1V0","USD","K"
0,"1500000390","2015-12-14","2015-12-14","WX001","WX001","","10.00",2,"1.00",2015,0,"","WX001","EUR","K"
0,"1500000162","2015-08-25","2015-08-25","F1V1","Hessen Manufakturbetrieb GmbH","STR","99999888777.00",2,"1.00",2015,0,"","F1V1","JPY","K"
0,"1500000391","2015-12-14","2015-12-14","WX001","WX001","","10.00",2,"1.00",2015,0,"","WX001","EUR","K"
0,"1500000091","2015-08-25","2015-08-25","312","Vendor 1st for 0001","","100.00",2,"1.00",2015,0,"","312","USD","K"
0,"1500000392","2015-12-15","2015-12-15","WX001","WX001","","10.00",2,"1.00",2015,0,"","WX001","EUR","K"
0,"1500000175","2015-08-26","2015-08-26","F1V1","Hessen Manufakturbetrieb GmbH","","100.00",2,"1.00",2015,0,"","F1V1","EUR","K"
0,"1500000393","2015-12-15","2015-12-15","WX001","WX001","","10.00",2,"1.00",2015,0,"","WX001","EUR","K"
0,"1500000174","2015-08-26","2015-08-26","F1V1","Hessen Manufakturbetrieb GmbH","","100.00",2,"1.00",2015,0,"","F1V1","EUR","K"
0,"1500000394","2015-12-16","2015-12-16","WX001","WX001","","10.00",2,"1.00",2015,0,"","WX001","EUR","K"
0,"1500000173","2015-08-26","2015-08-26","F1V1","Hessen Manufakturbetrieb GmbH","","100.00",2,"1.00",2015,0,"","F1V1","EUR","K"
0,"1500000397","2015-12-16","2015-12-16","WX001","WX001","","10.00",2,"1.00",2015,0,"","WX001","EUR","K"
0,"1500000172","2015-08-26","2015-08-26","F1V1","Hessen Manufakturbetrieb GmbH","","100.00",2,"1.00",2015,0,"","F1V1","EUR","K"
0,"1500000396","2015-12-16","2015-12-16","WX001","WX001","","10.00",2,"1.00",2015,0,"","WX001","EUR","K"
0,"1500000171","2015-08-26","2015-08-26","F1V1","Hessen Manufakturbetrieb GmbH","","100.00",2,"1.00",2015,0,"","F1V1","EUR","K"
0,"1500000395","2015-12-16","2015-12-16","WX001","WX001","","10.00",2,"1.00",2015,0,"","WX001","EUR","K"
0,"1500000170","2015-08-26","2015-08-26","F1V1","Hessen Manufakturbetrieb GmbH","","100.00",2,"1.00",2015,0,"","F1V1","EUR","K"
0,"1500000398","2015-12-17","2015-12-17","WX001","WX001","","10.00",2,"1.00",2015,0,"","WX001","EUR","K"
0,"1500000169","2015-08-26","2015-08-26","F1V1","Hessen Manufakturbetrieb GmbH","","100.00",2,"1.00",2015,0,"","F1V1","EUR","K"
0,"1500000399","2015-12-17","2015-12-17","WX001","WX001","","10.00",2,"1.00",2015,0,"","WX001","EUR","K"
0,"1500000167","2015-08-26","2015-08-26","F1V1","Hessen Manufakturbetrieb GmbH","","100.00",2,"1.00",2015,0,"","F1V1","EUR","K"
0,"1500000400","2015-12-17","2015-12-17","WX001","WX001","","10.00",2,"1.00",2015,0,"","WX001","EUR","K"
0,"2000000016","2015-08-26","2015-08-26","VEN12","VEN 12","","400.00",1,"0.00",2015,0,"","VEN12","CAD","K"
0,"1500000403","2015-12-17","2015-12-17","WX001","WX001","","10.00",2,"1.00",2015,0,"","WX001","EUR","K"
0,"1500000168","2015-08-26","2015-08-26","F1V1","Hessen Manufakturbetrieb GmbH","","200.00",2,"1.00",2015,0,"","F1V1","EUR","K"
0,"1500000404","2015-12-18","2015-12-18","WX001","WX001","","10.00",2,"1.00",2015,0,"","WX001","EUR","K"
0,"1500000103","2015-08-26","2015-08-26","312","Vendor 1st for 0001","","110.00",2,"1.00",2015,0,"","312","EUR","K"
0,"1500000405","2015-12-18","2015-12-18","WX001","WX001","","10.00",2,"1.00",2015,0,"","WX001","EUR","K"
0,"1500000102","2015-08-26","2015-08-26","312","Vendor 1st for 0001","","100.00",2,"1.00",2015,0,"","312","EUR","K"
0,"1500000406","2015-12-18","2015-12-18","WX001","WX001","","10.00",2,"1.00",2015,0,"","WX001","EUR","K"
0,"1500000101","2015-08-26","2015-08-26","312","Vendor 1st for 0001","","100.00",2,"1.00",2015,0,"","312","EUR","K"
0,"1500000407","2015-12-19","2015-12-19","WX001","WX001","","10.00",2,"1.00",2015,0,"","WX001","EUR","K"
0,"1500000408","2015-12-19","2015-12-19","WX001","WX001","","10.00",2,"1.00",2015,0,"","WX001","EUR","K"
0,"1500000100","2015-08-26","2015-08-26","312","Vendor 1st for 0001","","100.00",2,"1.00",2015,0,"","312","EUR","K"
0,"1500000409","2015-12-19","2015-12-19","WX001","WX001","","10.00",2,"1.00",2015,0,"","WX001","EUR","K"
0,"1500000099","2015-08-26","2015-08-26","312","Vendor 1st for 0001","","100.00",2,"1.00",2015,0,"","312","EUR","K"
0,"1500000410","2015-12-20","2015-12-20","WX001","WX001","","10.00",2,"1.00",2015,0,"","WX001","EUR","K"
0,"1500000098","2015-08-26","2015-08-26","312","Vendor 1st for 0001","","100.00",2,"1.00",2015,0,"","312","EUR","K"
0,"1500000411","2015-12-20","2015-12-20","WX001","WX001","","10.00",2,"1.00",2015,0,"","WX001","EUR","K"
0,"1500000097","2015-08-26","2015-08-26","312","Vendor 1st for 0001","","100.00",2,"1.00",2015,0,"","312","EUR","K"
0,"1500000412","2015-12-20","2015-12-20","WX001","WX001","","10.00",2,"1.00",2015,0,"","WX001","EUR","K"
0,"1500000096","2015-08-26","2015-08-26","312","Vendor 1st for 0001","","100.00",2,"1.00",2015,0,"","312","EUR","K"
0,"1500000415","2015-12-21","2015-12-21","WX001","WX001","","10.00",2,"1.00",2015,0,"","WX001","EUR","K"
0,"1500000202","2015-08-27","2015-08-27","F1V1","Hessen Manufakturbetrieb GmbH","","100.00",2,"1.00",2015,0,"","F1V1","EUR","K"
0,"1500000414","2015-12-21","2015-12-21","WX001","WX001","","10.00",2,"1.00",2015,0,"","WX001","EUR","K"
0,"1500000201","2015-08-27","2015-08-27","F1V1","Hessen Manufakturbetrieb GmbH","","100.00",2,"1.00",2015,0,"","F1V1","EUR","K"
0,"1500000413","2015-12-21","2015-12-21","WX001","WX001","","10.00",2,"1.00",2015,0,"","WX001","EUR","K"
0,"1500000200","2015-08-27","2015-08-27","F1V1","Hessen Manufakturbetrieb GmbH","","100.00",2,"1.00",2015,0,"","F1V1","EUR","K"
0,"1500000416","2015-12-22","2015-12-22","WX001","WX001","","10.00",2,"1.00",2015,0,"","WX001","EUR","K"
0,"1500000199","2015-08-27","2015-08-27","F1V1","Hessen Manufakturbetrieb GmbH","","100.00",2,"1.00",2015,0,"","F1V1","EUR","K"
0,"1500000417","2015-12-22","2015-12-22","WX001","WX001","","10.00",2,"1.00",2015,0,"","WX001","EUR","K"
0,"1500000198","2015-08-27","2015-08-27","F1V1","Hessen Manufakturbetrieb GmbH","","100.00",2,"1.00",2015,0,"","F1V1","EUR","K"
0,"1500000418","2015-12-22","2015-12-22","WX001","WX001","","10.00",2,"1.00",2015,0,"","WX001","EUR","K"
0,"1500000197","2015-08-27","2015-08-27","F1V1","Hessen Manufakturbetrieb GmbH","","100.00",2,"1.00",2015,0,"","F1V1","EUR","K"
0,"1500000419","2015-12-23","2015-12-23","WX001","WX001","","10.00",2,"1.00",2015,0,"","WX001","EUR","K"
0,"1500000196","2015-08-27","2015-08-27","F1V1","Hessen Manufakturbetrieb GmbH","","100.00",2,"1.00",2015,0,"","F1V1","EUR","K"
0,"1500000422","2015-12-24","2015-12-24","WX001","WX001","","10.00",2,"1.00",2015,0,"","WX001","EUR","K"
0,"1500000195","2015-08-27","2015-08-27","F1V1","Hessen Manufakturbetrieb GmbH","","100.00",2,"1.00",2015,0,"","F1V1","EUR","K"
0,"1500000423","2015-12-24","2015-12-24","WX001","WX001","","10.00",2,"1.00",2015,0,"","WX001","EUR","K"
0,"1500000203","2015-08-27","2015-08-27","F1V1","Hessen Manufakturbetrieb GmbH","","100.00",2,"1.00",2015,0,"","F1V1","EUR","K"
0,"1500000424","2015-12-24","2015-12-24","WX001","WX001","","10.00",2,"1.00",2015,0,"","WX001","EUR","K"
0,"1500000204","2015-08-27","2015-08-27","F1V1","Hessen Manufakturbetrieb GmbH","","100.00",2,"1.00",2015,0,"","F1V1","EUR","K"
0,"1500000425","2015-12-25","2015-12-25","WX001","WX001","","10.00",2,"1.00",2015,0,"","WX001","EUR","K"
0,"1500000205","2015-08-27","2015-08-27","F1V1","Hessen Manufakturbetrieb GmbH","","100.00",2,"1.00",2015,0,"","F1V1","EUR","K"
0,"1500000426","2015-12-25","2015-12-25","WX001","WX001","","10.00",2,"1.00",2015,0,"","WX001","EUR","K"
0,"1500000206","2015-08-27","2015-08-27","F1V1","Hessen Manufakturbetrieb GmbH","","100.00",2,"1.00",2015,0,"","F1V1","EUR","K"
0,"1500000427","2015-12-25","2015-12-25","WX001","WX001","","10.00",2,"1.00",2015,0,"","WX001","EUR","K"
0,"1500000207","2015-08-27","2015-08-27","F1V1","Hessen Manufakturbetrieb GmbH","","100.00",2,"1.00",2015,0,"","F1V1","EUR","K"
0,"1500000430","2015-12-26","2015-12-26","WX001","WX001","","10.00",2,"1.00",2015,0,"","WX001","EUR","K"
0,"1500000115","2015-08-27","2015-08-27","1000036","VENDYK01","","10.00",2,"1.00",2015,0,"","1000036","EUR","K"
0,"1500000428","2015-12-26","2015-12-26","WX001","WX001","","10.00",2,"1.00",2015,0,"","WX001","EUR","K"
0,"1500000114","2015-08-27","2015-08-27","1000036","VENDYK01","","10.00",2,"1.00",2015,0,"","1000036","EUR","K"
0,"1500000429","2015-12-26","2015-12-26","WX001","WX001","","10.00",2,"1.00",2015,0,"","WX001","EUR","K"
0,"1500000112","2015-08-27","2015-08-27","1000036","VENDYK01","","10.00",2,"1.00",2015,0,"","1000036","EUR","K"
0,"1500000431","2015-12-27","2015-12-27","WX001","WX001","","10.00",2,"1.00",2015,0,"","WX001","EUR","K"
0,"1500000132","2015-08-27","2015-08-27","769","Hammer & Nagel","","867.00",1,"1.00",2015,0,"","769","EUR","K"
0,"1500000432","2015-12-27","2015-12-27","WX001","WX001","","10.00",2,"1.00",2015,0,"","WX001","EUR","K"
0,"1500000433","2015-12-27","2015-12-27","WX001","WX001","","10.00",2,"1.00",2015,0,"","WX001","EUR","K"
0,"1500000118","2015-08-27","2015-08-27","1000141","Karu Vendor Ltd.","","10.00",2,"1.00",2015,0,"","1000141","EUR","K"
0,"1500000434","2015-12-28","2015-12-28","WX001","WX001","","10.00",2,"1.00",2015,0,"","WX001","EUR","K"
0,"1500000117","2015-08-27","2015-08-27","1000036","VENDYK01","","10.00",2,"1.00",2015,0,"","1000036","EUR","K"
0,"1500000435","2015-12-28","2015-12-28","WX001","WX001","","10.00",2,"1.00",2015,0,"","WX001","EUR","K"
0,"1500000116","2015-08-27","2015-08-27","1000036","VENDYK01","","10.00",2,"1.00",2015,0,"","1000036","EUR","K"
0,"1500000436","2015-12-28","2015-12-28","WX001","WX001","","10.00",2,"1.00",2015,0,"","WX001","EUR","K"
0,"200000000","2015-08-27","2015-08-27","F1V1","Hessen Manufakturbetrieb GmbH","100","100.00",2,"1.00",2015,0,"","F1V1","EUR","K"
0,"1500000437","2015-12-29","2015-12-29","WX001","WX001","","10.00",2,"1.00",2015,0,"","WX001","EUR","K"
0,"200000001","2015-08-27","2015-08-27","F1V1","Hessen Manufakturbetrieb GmbH","","100.00",2,"1.00",2015,0,"","F1V1","EUR","K"
0,"1500000438","2015-12-29","2015-12-29","WX001","WX001","","10.00",2,"1.00",2015,0,"","WX001","EUR","K"
0,"200000002","2015-08-27","2015-08-27","F1V1","Hessen Manufakturbetrieb GmbH","","100.00",2,"1.00",2015,0,"","F1V1","EUR","K"
0,"1500000439","2015-12-29","2015-12-29","WX001","WX001","","10.00",2,"1.00",2015,0,"","WX001","EUR","K"
0,"200000003","2015-08-27","2015-08-27","F1V1","Hessen Manufakturbetrieb GmbH","","100.00",2,"1.00",2015,0,"","F1V1","EUR","K"
0,"1500000440","2015-12-29","2015-12-29","WX001","WX001","","10.00",2,"1.00",2015,0,"","WX001","EUR","K"
0,"1500000177","2015-08-27","2015-08-27","F1V1","Hessen Manufakturbetrieb GmbH","","100.00",2,"1.00",2015,0,"","F1V1","EUR","K"
0,"1500000441","2015-12-29","2015-12-29","WX001","WX001","","10.00",2,"1.00",2015,0,"","WX001","EUR","K"
0,"1500000178","2015-08-27","2015-08-27","F1V1","Hessen Manufakturbetrieb GmbH","","100.00",2,"1.00",2015,0,"","F1V1","EUR","K"
0,"1500000442","2015-12-30","2015-12-30","WX001","WX001","","10.00",2,"1.00",2015,0,"","WX001","EUR","K"
0,"1500000179","2015-08-27","2015-08-27","F1V1","Hessen Manufakturbetrieb GmbH","","100.00",2,"1.00",2015,0,"","F1V1","EUR","K"
0,"1500000443","2015-12-30","2015-12-30","WX001","WX001","","10.00",2,"1.00",2015,0,"","WX001","EUR","K"
0,"1500000180","2015-08-27","2015-08-27","F1V1","Hessen Manufakturbetrieb GmbH","","100.00",2,"1.00",2015,0,"","F1V1","EUR","K"
0,"1500000444","2015-12-30","2015-12-30","WX001","WX001","","10.00",2,"1.00",2015,0,"","WX001","EUR","K"
0,"1500000181","2015-08-27","2015-08-27","F1V1","Hessen Manufakturbetrieb GmbH","","100.00",2,"1.00",2015,0,"","F1V1","EUR","K"
0,"1500000445","2015-12-31","2015-12-31","WX001","WX001","","10.00",2,"1.00",2015,0,"","WX001","EUR","K"
0,"1500000183","2015-08-27","2015-08-27","F1V1","Hessen Manufakturbetrieb GmbH","","100.00",2,"1.00",2015,0,"","F1V1","EUR","K"
0,"1500000446","2015-12-31","2015-12-31","WX001","WX001","","10.00",2,"1.00",2015,0,"","WX001","EUR","K"
0,"1500000184","2015-08-27","2015-08-27","F1V1","Hessen Manufakturbetrieb GmbH","","100.00",2,"1.00",2015,0,"","F1V1","EUR","K"
0,"1500000447","2015-12-31","2015-12-31","WX001","WX001","","10.00",2,"1.00",2015,0,"","WX001","EUR","K"
0,"1500000187","2015-08-27","2015-08-27","F1V1","Hessen Manufakturbetrieb GmbH","","100.00",2,"1.00",2015,0,"","F1V1","EUR","K"
0,"1500000448","2016-01-01","2016-01-01","WX001","WX001","","10.00",2,"1.00",2016,0,"","WX001","EUR","K"
0,"1500000189","2015-08-27","2015-08-27","F1V1","Hessen Manufakturbetrieb GmbH","","100.00",2,"1.00",2015,0,"","F1V1","EUR","K"
0,"1500000449","2016-01-01","2016-01-01","WX001","WX001","","10.00",2,"1.00",2016,0,"","WX001","EUR","K"
0,"1500000190","2015-08-27","2015-08-27","F1V1","Hessen Manufakturbetrieb GmbH","","100.00",2,"1.00",2015,0,"","F1V1","EUR","K"
0,"1500000450","2016-01-01","2016-01-01","WX001","WX001","","10.00",2,"1.00",2016,0,"","WX001","EUR","K"
0,"1500000002","2016-01-01","2016-01-01","T002","t002","a","77.00",2,"0.00",2016,0,"","T002","EUR","K"
0,"1500000191","2015-08-27","2015-08-27","F1V1","Hessen Manufakturbetrieb GmbH","","100.00",2,"1.00",2015,0,"","F1V1","EUR","K"
0,"1500000004","2016-01-01","2016-03-15","T001","T001","a","88.00",2,"0.00",2016,0,"","T001","EUR","K"
0,"1500000192","2015-08-27","2015-08-27","F1V1","Hessen Manufakturbetrieb GmbH","","100.00",2,"1.00",2015,0,"","F1V1","EUR","K"
0,"1500000451","2016-01-02","2016-01-02","WX001","WX001","","10.00",2,"1.00",2016,0,"","WX001","EUR","K"
0,"1500000193","2015-08-27","2015-08-27","F1V1","Hessen Manufakturbetrieb GmbH","","100.00",2,"1.00",2015,0,"","F1V1","EUR","K"
0,"1500000452","2016-01-02","2016-01-02","WX001","WX001","","10.00",2,"1.00",2016,0,"","WX001","EUR","K"
0,"1500000194","2015-08-27","2015-08-27","F1V1","Hessen Manufakturbetrieb GmbH","","100.00",2,"1.00",2015,0,"","F1V1","EUR","K"
0,"1500000453","2016-01-02","2016-01-02","WX001","WX001","","10.00",2,"1.00",2016,0,"","WX001","EUR","K"
0,"1500000253","2015-08-28","2015-08-28","231","ZH001 ZH001","","100.00",2,"1.00",2015,0,"","231","EUR","K"
0,"1500000454","2016-01-03","2016-01-03","WX001","WX001","","10.00",2,"1.00",2016,0,"","WX001","EUR","K"
0,"1500000061","2015-08-28","2015-08-28","FQM_VE01","FQM_VE01","STR","100.01",2,"0.00",2015,0,"","FQM_VE01","EUR","K"
0,"1500000455","2016-01-03","2016-01-03","WX001","WX001","","10.00",2,"1.00",2016,0,"","WX001","EUR","K"
0,"1500000127","2015-08-28","2015-08-28","BT_SUPP_02","BT Supplier 2","","202.02",2,"1.00",2015,0,"","BT_SUPP_02","EUR","K"
0,"1500000456","2016-01-03","2016-01-03","WX001","WX001","","10.00",2,"1.00",2016,0,"","WX001","EUR","K"
0,"1500000217","2015-08-28","2015-08-28","F1V1","Hessen Manufakturbetrieb GmbH","","222.00",2,"1.00",2015,0,"","F1V1","EUR","K"
0,"1500000457","2016-01-04","2016-01-04","WX001","WX001","","10.00",2,"1.00",2016,0,"","WX001","EUR","K"
0,"1500000239","2015-08-28","2015-08-28","12","WTY Dealer WTY Dealer","","100.00",2,"1.00",2015,0,"","12","USD","K"
0,"1500000458","2016-01-04","2016-01-04","WX001","WX001","","10.00",2,"1.00",2016,0,"","WX001","EUR","K"
0,"1500000240","2015-08-28","2015-08-28","F1V1","Hessen Manufakturbetrieb GmbH","","100.00",2,"1.00",2015,0,"","F1V1","USD","K"
0,"1500000459","2016-01-04","2016-01-04","WX001","WX001","","10.00",2,"1.00",2016,0,"","WX001","EUR","K"
0,"1500000216","2015-08-28","2015-08-28","F1V1","Hessen Manufakturbetrieb GmbH","","123.00",2,"1.00",2015,0,"","F1V1","EUR","K"
0,"1500000460","2016-01-05","2016-01-05","WX001","WX001","","10.00",2,"1.00",2016,0,"","WX001","EUR","K"
0,"1500000213","2015-08-28","2015-08-28","F1V9","Appawa Controls Co.\, Ltd","","123.00",2,"1.00",2015,0,"","F1V9","EUR","K"
0,"1500000466","2016-01-06","2016-01-06","F1V0","Legend assembly Co.\,Ltd.","Difference","0.00",2,"1.00",2016,0,"","F1V0","EUR","K"
0,"1500000231","2015-08-28","2015-08-28","F1V1","Hessen Manufakturbetrieb GmbH","","100.00",2,"1.00",2015,0,"","F1V1","EUR","K"
0,"1500000461","2016-01-06","2016-01-06","WX001","WX001","","10.00",2,"1.00",2016,0,"","WX001","EUR","K"
0,"1500000215","2015-08-28","2015-08-28","F1V5","Thunder Winding Corp.","","11.00",2,"1.00",2015,0,"","F1V5","EUR","K"
0,"1500000462","2016-01-06","2016-01-06","WX001","WX001","","10.00",2,"1.00",2016,0,"","WX001","EUR","K"
0,"1500000129","2015-08-28","2015-08-28","1000036","VENDYK01","","10.00",2,"1.00",2015,0,"","1000036","EUR","K"
0,"1500000467","2016-01-06","2016-01-06","WX001","WX001","","10.00",2,"1.00",2016,0,"","WX001","EUR","K"
0,"1500000468","2016-01-07","2016-01-07","WX001","WX001","","10.00",2,"1.00",2016,0,"","WX001","EUR","K"
0,"1500000227","2015-08-28","2015-08-28","F1V1","Hessen Manufakturbetrieb GmbH","","1190.00",2,"1.00",2015,0,"","F1V1","USD","K"
0,"1500000469","2016-01-07","2016-01-07","WX001","WX001","","10.00",2,"1.00",2016,0,"","WX001","EUR","K"
0,"1500000210","2015-08-28","2015-08-28","F1V1","Hessen Manufakturbetrieb GmbH","","100.00",2,"1.00",2015,0,"","F1V1","EUR","K"
0,"1500000470","2016-01-07","2016-01-07","WX001","WX001","","10.00",2,"1.00",2016,0,"","WX001","EUR","K"
0,"1500000209","2015-08-28","2015-08-28","F1V1","Hessen Manufakturbetrieb GmbH","","100.00",2,"1.00",2015,0,"","F1V1","EUR","K"
0,"1500000471","2016-01-08","2016-01-08","WX001","WX001","","10.00",2,"1.00",2016,0,"","WX001","EUR","K"
0,"1500000208","2015-08-28","2015-08-28","F1V1","Hessen Manufakturbetrieb GmbH","","100.00",2,"1.00",2015,0,"","F1V1","EUR","K"
0,"1500000472","2016-01-08","2016-01-08","WX001","WX001","","10.00",2,"1.00",2016,0,"","WX001","EUR","K"
0,"1500000125","2015-08-28","2015-08-28","1000036","VENDYK01","","100.00",2,"1.00",2015,0,"","1000036","EUR","K"
0,"1500000473","2016-01-08","2016-01-08","WX001","WX001","","10.00",2,"1.00",2016,0,"","WX001","EUR","K"
0,"1500000124","2015-08-28","2015-08-28","1000036","VENDYK01","","100.00",2,"1.00",2015,0,"","1000036","EUR","K"
0,"1500000157","2016-01-08","2016-01-08","Z01_VEN1","Business Partner - Z01 VENDOR","","10.00",2,"1.00",2016,0,"","Z01_VEN1","EUR","K"
0,"1500000241","2015-08-28","2015-08-28","F1V1","Hessen Manufakturbetrieb GmbH","","100.00",2,"1.00",2015,0,"","F1V1","EUR","K"
0,"1500000474","2016-01-09","2016-01-09","WX001","WX001","","10.00",2,"1.00",2016,0,"","WX001","EUR","K"
0,"1500000238","2015-08-28","2015-08-28","F1V1","Hessen Manufakturbetrieb GmbH","","100.00",2,"1.00",2015,0,"","F1V1","EUR","K"
0,"1500000475","2016-01-09","2016-01-09","WX001","WX001","","10.00",2,"1.00",2016,0,"","WX001","EUR","K"
0,"1500000211","2015-08-28","2015-08-28","F1V1","Hessen Manufakturbetrieb GmbH","","100.00",2,"1.00",2015,0,"","F1V1","EUR","K"
0,"1500000476","2016-01-09","2016-01-09","WX001","WX001","","10.00",2,"1.00",2016,0,"","WX001","EUR","K"
0,"1500000212","2015-08-28","2015-08-28","F1V1","Hessen Manufakturbetrieb GmbH","","100.00",2,"1.00",2015,0,"","F1V1","EUR","K"
0,"1500000477","2016-01-10","2016-01-10","WX001","WX001","","10.00",2,"1.00",2016,0,"","WX001","EUR","K"
0,"1500000478","2016-01-10","2016-01-10","WX001","WX001","","10.00",2,"1.00",2016,0,"","WX001","EUR","K"
0,"1500000220","2015-08-28","2015-08-28","F1V1","Hessen Manufakturbetrieb GmbH","","100.00",2,"1.00",2015,0,"","F1V1","EUR","K"
0,"1500000479","2016-01-10","2016-01-10","WX001","WX001","","10.00",2,"1.00",2016,0,"","WX001","EUR","K"
0,"1500000221","2015-08-28","2015-08-28","F1V1","Hessen Manufakturbetrieb GmbH","","100.00",2,"1.00",2015,0,"","F1V1","EUR","K"
0,"1500000480","2016-01-11","2016-01-11","WX001","WX001","","10.00",2,"1.00",2016,0,"","WX001","EUR","K"
0,"1500000222","2015-08-28","2015-08-28","F1V1","Hessen Manufakturbetrieb GmbH","","100.00",2,"1.00",2015,0,"","F1V1","EUR","K"
0,"1500000481","2016-01-11","2016-01-11","WX001","WX001","","10.00",2,"1.00",2016,0,"","WX001","EUR","K"
0,"1500000223","2015-08-28","2015-08-28","F1V1","Hessen Manufakturbetrieb GmbH","","100.00",2,"1.00",2015,0,"","F1V1","EUR","K"
0,"1500000482","2016-01-11","2016-01-11","WX001","WX001","","10.00",2,"1.00",2016,0,"","WX001","EUR","K"
0,"1500000224","2015-08-28","2015-08-28","F1V1","Hessen Manufakturbetrieb GmbH","","100.00",2,"1.00",2015,0,"","F1V1","EUR","K"
0,"1500000483","2016-01-12","2016-01-12","WX001","WX001","","10.00",2,"1.00",2016,0,"","WX001","EUR","K"
0,"1500000225","2015-08-28","2015-08-28","F1V1","Hessen Manufakturbetrieb GmbH","","100.00",2,"1.00",2015,0,"","F1V1","EUR","K"
0,"1500000484","2016-01-12","2016-01-12","WX001","WX001","","10.00",2,"1.00",2016,0,"","WX001","EUR","K"
0,"1500000232","2015-08-28","2015-08-28","F1V1","Hessen Manufakturbetrieb GmbH","","100.00",2,"1.00",2015,0,"","F1V1","EUR","K"
0,"1500000485","2016-01-12","2016-01-12","WX001","WX001","","10.00",2,"1.00",2016,0,"","WX001","EUR","K"
0,"1500000233","2015-08-28","2015-08-28","F1V1","Hessen Manufakturbetrieb GmbH","","100.00",2,"1.00",2015,0,"","F1V1","EUR","K"
0,"1500000486","2016-01-12","2016-01-12","WX001","WX001","","10.00",2,"1.00",2016,0,"","WX001","EUR","K"
0,"1500000487","2016-01-12","2016-01-12","WX001","WX001","","10.00",2,"1.00",2016,0,"","WX001","EUR","K"
0,"1500000234","2015-08-28","2015-08-28","F1V1","Hessen Manufakturbetrieb GmbH","","100.00",2,"1.00",2015,0,"","F1V1","EUR","K"
0,"100000009","2016-01-13","2016-01-13","COMPASS","COMPASS","","2000.00",1,"0.00",2016,0,"","COMPASS","CNY","K"
0,"1500000235","2015-08-28","2015-08-28","F1V1","Hessen Manufakturbetrieb GmbH","","100.00",2,"1.00",2015,0,"","F1V1","EUR","K"
0,"1500000488","2016-01-13","2016-01-13","WX001","WX001","","10.00",2,"1.00",2016,0,"","WX001","EUR","K"
0,"1500000236","2015-08-28","2015-08-28","F1V1","Hessen Manufakturbetrieb GmbH","","100.00",2,"1.00",2015,0,"","F1V1","EUR","K"
0,"1500000489","2016-01-13","2016-01-13","WX001","WX001","","10.00",2,"1.00",2016,0,"","WX001","EUR","K"
0,"1500000237","2015-08-28","2015-08-28","F1V1","Hessen Manufakturbetrieb GmbH","","100.00",2,"1.00",2015,0,"","F1V1","EUR","K"
0,"1500000490","2016-01-13","2016-01-13","WX001","WX001","","10.00",2,"1.00",2016,0,"","WX001","EUR","K"
0,"1500000252","2015-08-28","2015-08-28","12","WTY Dealer WTY Dealer","","100.00",2,"1.00",2015,0,"","12","EUR","K"
0,"1500000493","2016-01-14","2016-01-14","WX001","WX001","","10.00",2,"1.00",2016,0,"","WX001","EUR","K"
0,"1500000256","2015-08-31","2015-08-31","F1V1","Hessen Manufakturbetrieb GmbH","","100.00",2,"1.00",2015,0,"","F1V1","EUR","K"
0,"1500000491","2016-01-14","2016-01-14","WX001","WX001","","10.00",2,"1.00",2016,0,"","WX001","EUR","K"
0,"1500000258","2015-08-31","2015-08-31","231","ZH001 ZH001","","100.00",2,"1.00",2015,0,"","231","EUR","K"
0,"1500000492","2016-01-14","2016-01-14","WX001","WX001","","10.00",2,"1.00",2016,0,"","WX001","EUR","K"
0,"1500000259","2015-08-31","2015-08-31","231","ZH001 ZH001","","100.00",2,"1.00",2015,0,"","231","EUR","K"
0,"1500000496","2016-01-15","2016-01-15","WX001","WX001","","10.00",2,"1.00",2016,0,"","WX001","EUR","K"
0,"1500000260","2015-08-31","2015-08-31","231","ZH001 ZH001","","100.00",2,"1.00",2015,0,"","231","EUR","K"
0,"1500000495","2016-01-15","2016-01-15","WX001","WX001","","10.00",2,"1.00",2016,0,"","WX001","EUR","K"
0,"1500000261","2015-08-31","2015-08-31","231","ZH001 ZH001","","100.00",2,"1.00",2015,0,"","231","EUR","K"
0,"1500000494","2016-01-15","2016-01-15","WX001","WX001","","10.00",2,"1.00",2016,0,"","WX001","EUR","K"
0,"1500000263","2015-08-31","2015-08-31","231","ZH001 ZH001","","100.00",2,"1.00",2015,0,"","231","EUR","K"
0,"1500000499","2016-01-16","2016-01-16","WX001","WX001","","10.00",2,"1.00",2016,0,"","WX001","EUR","K"
0,"1500000264","2015-08-31","2015-08-31","231","ZH001 ZH001","","100.00",2,"1.00",2015,0,"","231","EUR","K"
0,"1500000498","2016-01-16","2016-01-16","WX001","WX001","","10.00",2,"1.00",2016,0,"","WX001","EUR","K"
0,"1500000265","2015-08-31","2015-08-31","231","ZH001 ZH001","","100.00",2,"1.00",2015,0,"","231","EUR","K"
0,"1500000497","2016-01-16","2016-01-16","WX001","WX001","","10.00",2,"1.00",2016,0,"","WX001","EUR","K"
0,"1500000255","2015-08-31","2015-08-31","231","ZH001 ZH001","","200.00",2,"1.00",2015,0,"","231","EUR","K"
0,"1500000502","2016-01-17","2016-01-17","WX001","WX001","","10.00",2,"1.00",2016,0,"","WX001","EUR","K"
0,"1500000501","2016-01-17","2016-01-17","WX001","WX001","","10.00",2,"1.00",2016,0,"","WX001","EUR","K"
0,"1500000273","2015-09-01","2015-09-01","231","ZH001 ZH001","","100.00",2,"1.00",2015,0,"","231","EUR","K"
0,"1500000272","2015-09-01","2015-09-01","231","ZH001 ZH001","","100.00",2,"1.00",2015,0,"","231","EUR","K"
0,"1500000500","2016-01-17","2016-01-17","WX001","WX001","","10.00",2,"1.00",2016,0,"","WX001","EUR","K"
0,"1500000271","2015-09-01","2015-09-01","231","ZH001 ZH001","","100.00",2,"1.00",2015,0,"","231","EUR","K"
0,"1500000505","2016-01-18","2016-01-18","WX001","WX001","","10.00",2,"1.00",2016,0,"","WX001","EUR","K"
0,"1500000270","2015-09-01","2015-09-01","231","ZH001 ZH001","","100.00",2,"1.00",2015,0,"","231","EUR","K"
0,"1500000504","2016-01-18","2016-01-18","WX001","WX001","","10.00",2,"1.00",2016,0,"","WX001","EUR","K"
0,"1500000503","2016-01-18","2016-01-18","WX001","WX001","","10.00",2,"1.00",2016,0,"","WX001","EUR","K"
0,"1500000269","2015-09-01","2015-09-01","231","ZH001 ZH001","","100.00",2,"1.00",2015,0,"","231","EUR","K"
0,"1500000506","2016-01-19","2016-01-19","WX001","WX001","","10.00",2,"1.00",2016,0,"","WX001","EUR","K"
0,"1500000268","2015-09-01","2015-09-01","231","ZH001 ZH001","","100.00",2,"1.00",2015,0,"","231","EUR","K"
0,"1500000507","2016-01-19","2016-01-19","WX001","WX001","","10.00",2,"1.00",2016,0,"","WX001","EUR","K"
0,"1500000267","2015-09-01","2015-09-01","231","ZH001 ZH001","","100.00",2,"1.00",2015,0,"","231","EUR","K"
0,"1500000508","2016-01-19","2016-01-19","WX001","WX001","","10.00",2,"1.00",2016,0,"","WX001","EUR","K"
0,"1500000266","2015-09-01","2015-09-01","231","ZH001 ZH001","","100.00",2,"1.00",2015,0,"","231","EUR","K"
0,"1500000287","2015-09-01","2015-09-01","231","ZH001 ZH001","","100.00",2,"1.00",2015,0,"","231","EUR","K"
0,"100001982","2016-01-20","2016-01-20","F1V1","Hessen Manufakturbetrieb GmbH","","37.88",3,"1.00",2016,0,"","F1V1","EUR","K"
0,"1500000288","2015-09-01","2015-09-01","231","ZH001 ZH001","","100.00",2,"1.00",2015,0,"","231","EUR","K"
0,"1500000509","2016-01-20","2016-01-20","WX001","WX001","","10.00",2,"1.00",2016,0,"","WX001","EUR","K"
0,"1500000289","2015-09-01","2015-09-01","231","ZH001 ZH001","","100.00",2,"1.00",2015,0,"","231","EUR","K"
0,"1500000510","2016-01-20","2016-01-20","WX001","WX001","","10.00",2,"1.00",2016,0,"","WX001","EUR","K"
0,"1500000511","2016-01-20","2016-01-20","WX001","WX001","","10.00",2,"1.00",2016,0,"","WX001","EUR","K"
0,"1500000286","2015-09-01","2015-09-01","231","ZH001 ZH001","","100.00",2,"1.00",2015,0,"","231","EUR","K"
0,"1500000512","2016-01-20","2016-01-20","WX001","WX001","","10.00",2,"1.00",2016,0,"","WX001","EUR","K"
0,"1500000277","2015-09-01","2015-09-01","231","ZH001 ZH001","","100.00",2,"1.00",2015,0,"","231","EUR","K"
0,"1500000513","2016-01-20","2016-01-20","WX001","WX001","","10.00",2,"1.00",2016,0,"","WX001","EUR","K"
0,"1500000274","2015-09-01","2015-09-01","231","ZH001 ZH001","","100.00",2,"1.00",2015,0,"","231","EUR","K"
0,"100001982","2016-01-20","2016-01-20","F1V6","NY Bolt and Nut Inc.","","51.80",5,"1.00",2016,0,"","F1V6","EUR","K"
0,"1500000275","2015-09-01","2015-09-01","231","ZH001 ZH001","","100.00",2,"1.00",2015,0,"","231","EUR","K"
0,"100001986","2016-01-20","2016-01-20","F1V1","Hessen Manufakturbetrieb GmbH","","493.37",3,"1.00",2016,0,"","F1V1","EUR","K"
0,"1500000276","2015-09-01","2015-09-01","231","ZH001 ZH001","","100.00",2,"1.00",2015,0,"","231","EUR","K"
0,"100001986","2016-01-20","2016-01-20","F1V6","NY Bolt and Nut Inc.","","266.75",5,"1.00",2016,0,"","F1V6","EUR","K"
0,"1500000290","2015-09-02","2015-09-02","F1V1","Hessen Manufakturbetrieb GmbH","","100.00",2,"1.00",2015,0,"","F1V1","EUR","K"
0,"1500000291","2015-09-02","2015-09-02","231","ZH001 ZH001","","100.00",2,"1.00",2015,0,"","231","EUR","K"
0,"100002051","2016-01-21","2016-01-21","F1V1","Hessen Manufakturbetrieb GmbH","","218.44",3,"1.00",2016,0,"","F1V1","EUR","K"
0,"100002051","2016-01-21","2016-01-21","F1V6","NY Bolt and Nut Inc.","","176.02",5,"1.00",2016,0,"","F1V6","EUR","K"
0,"1500000292","2015-09-02","2015-09-02","F1V1","Hessen Manufakturbetrieb GmbH","","100.00",2,"1.00",2015,0,"","F1V1","EUR","K"
0,"1500000293","2015-09-02","2015-09-02","231","ZH001 ZH001","","100.00",2,"1.00",2015,0,"","231","EUR","K"
0,"100002055","2016-01-21","2016-01-21","F1V1","Hessen Manufakturbetrieb GmbH","","503.81",3,"1.00",2016,0,"","F1V1","EUR","K"
0,"1500000294","2015-09-02","2015-09-02","F1V1","Hessen Manufakturbetrieb GmbH","","100.00",2,"1.00",2015,0,"","F1V1","EUR","K"
0,"100002055","2016-01-21","2016-01-21","F1V6","NY Bolt and Nut Inc.","","456.24",5,"1.00",2016,0,"","F1V6","EUR","K"
0,"1500000295","2015-09-02","2015-09-02","F1V1","Hessen Manufakturbetrieb GmbH","","100.00",2,"1.00",2015,0,"","F1V1","EUR","K"
0,"1500000514","2016-01-21","2016-01-21","WX001","WX001","","10.00",2,"1.00",2016,0,"","WX001","EUR","K"
0,"1500000516","2016-01-21","2016-01-21","WX001","WX001","","10.00",2,"1.00",2016,0,"","WX001","EUR","K"
0,"1500000296","2015-09-02","2015-09-02","231","ZH001 ZH001","","100.00",2,"1.00",2015,0,"","231","EUR","K"
0,"1500000515","2016-01-21","2016-01-21","WX001","WX001","","10.00",2,"1.00",2016,0,"","WX001","EUR","K"
0,"1500000297","2015-09-02","2015-09-02","231","ZH001 ZH001","","100.00",2,"1.00",2015,0,"","231","EUR","K"
0,"1500000298","2015-09-02","2015-09-02","231","ZH001 ZH001","","100.00",2,"1.00",2015,0,"","231","EUR","K"
0,"1500000522","2016-01-22","2016-01-22","F1V1","Hessen Manufakturbetrieb GmbH","","1190.00",2,"1.00",2016,0,"","F1V1","EUR","K"
0,"1500000521","2016-01-22","2016-01-22","F1V1","Hessen Manufakturbetrieb GmbH","","1190.00",2,"1.00",2016,0,"","F1V1","EUR","K"
0,"1500000307","2015-09-03","2015-09-03","F1V1","Hessen Manufakturbetrieb GmbH","","500.00",2,"1.00",2015,0,"","F1V1","EUR","K"
0,"100002095","2016-01-22","2016-01-22","F1V6","NY Bolt and Nut Inc.","","103.30",5,"1.00",2016,0,"","F1V6","EUR","K"
0,"1500000081","2015-09-03","2015-08-19","CL001","CL test company withholding tax","","0.00",1,"1.00",2015,0,"","CL001","EUR","K"
0,"1500000520","2016-01-22","2016-01-22","F1V1","Hessen Manufakturbetrieb GmbH","","1190.00",2,"1.00",2016,0,"","F1V1","EUR","K"
0,"1500000308","2015-09-03","2015-09-03","F1V1","Hessen Manufakturbetrieb GmbH","","10.00",2,"1.00",2015,0,"","F1V1","EUR","K"
0,"100002091","2016-01-22","2016-01-22","F1V1","Hessen Manufakturbetrieb GmbH","","84.80",3,"1.00",2016,0,"","F1V1","EUR","K"
0,"1500000139","2015-09-03","2015-09-03","FIO-CHRV03","Third Electronics Shop","Test","100.00",2,"1.00",2015,0,"","FIO-CHRV03","EUR","K"
0,"100002091","2016-01-22","2016-01-22","F1V6","NY Bolt and Nut Inc.","","12.39",5,"1.00",2016,0,"","F1V6","EUR","K"
0,"1500000309","2015-09-03","2015-09-03","F1V1","Hessen Manufakturbetrieb GmbH","","10.00",2,"1.00",2015,0,"","F1V1","EUR","K"
0,"100002095","2016-01-22","2016-01-22","F1V1","Hessen Manufakturbetrieb GmbH","","248.85",3,"1.00",2016,0,"","F1V1","EUR","K"
0,"1500000299","2015-09-03","2015-09-03","231","ZH001 ZH001","","100.00",2,"1.00",2015,0,"","231","EUR","K"
0,"1500000517","2016-01-22","2016-01-22","WX001","WX001","","10.00",2,"1.00",2016,0,"","WX001","EUR","K"
0,"1500000302","2015-09-03","2015-09-03","F1V9","Appawa Controls Co.\, Ltd","","4711.00",2,"1.00",2015,0,"","F1V9","EUR","K"
0,"1500000518","2016-01-22","2016-01-22","WX001","WX001","","10.00",2,"1.00",2016,0,"","WX001","EUR","K"
0,"1500000300","2015-09-03","2015-09-03","231","ZH001 ZH001","","100.00",2,"1.00",2015,0,"","231","EUR","K"
0,"1500000519","2016-01-22","2016-01-22","WX001","WX001","","10.00",2,"1.00",2016,0,"","WX001","EUR","K"
0,"1500000141","2015-09-04","2015-09-04","1000036","VENDYK01","","10.00",2,"1.00",2015,0,"","1000036","EUR","K"
0,"100002161","2016-01-24","2016-01-24","F1V6","NY Bolt and Nut Inc.","","439.83",5,"1.00",2016,0,"","F1V6","EUR","K"
0,"1500000310","2015-09-04","2015-09-04","231","ZH001 ZH001","","100.00",2,"1.00",2015,0,"","231","EUR","K"
0,"1500000142","2015-09-04","2015-09-04","1000278","ABC","","20.00",2,"1.00",2015,0,"","1000278","EUR","K"
0,"100002161","2016-01-24","2016-01-24","F1V1","Hessen Manufakturbetrieb GmbH","","431.61",3,"1.00",2016,0,"","F1V1","EUR","K"
0,"1500000143","2015-09-04","2015-09-04","1000036","VENDYK01","","20.00",2,"1.00",2015,0,"","1000036","USD","K"
0,"100002221","2016-01-25","2016-01-25","F1V6","NY Bolt and Nut Inc.","","80.83",5,"1.00",2016,0,"","F1V6","EUR","K"
0,"1500000311","2015-09-07","2015-09-07","F1V1","Hessen Manufakturbetrieb GmbH","","100.00",2,"1.00",2015,0,"","F1V1","EUR","K"
0,"100002221","2016-01-25","2016-01-25","F1V1","Hessen Manufakturbetrieb GmbH","","45.29",3,"1.00",2016,0,"","F1V1","EUR","K"
0,"1500000312","2015-09-07","2015-09-07","231","ZH001 ZH001","","100.00",2,"1.00",2015,0,"","231","EUR","K"
0,"100002219","2016-01-25","2016-01-25","F1V6","NY Bolt and Nut Inc.","","17.53",5,"1.00",2016,0,"","F1V6","EUR","K"
0,"1500000313","2015-09-07","2015-09-07","231","ZH001 ZH001","","100.00",2,"1.00",2015,0,"","231","EUR","K"
0,"100002219","2016-01-25","2016-01-25","F1V1","Hessen Manufakturbetrieb GmbH","","284.72",3,"1.00",2016,0,"","F1V1","EUR","K"
0,"1500000317","2015-09-17","2015-09-17","F1V1","Hessen Manufakturbetrieb GmbH","","100.00",2,"1.00",2015,0,"","F1V1","EUR","K"
0,"100002217","2016-01-25","2016-01-25","F1V6","NY Bolt and Nut Inc.","","196.19",5,"1.00",2016,0,"","F1V6","EUR","K"
0,"1500000152","2015-10-15","2015-10-15","Z01_VEN1","Business Partner - Z01 VENDOR","","10.00",2,"1.00",2015,0,"","Z01_VEN1","EUR","K"
0,"100002217","2016-01-25","2016-01-25","F1V1","Hessen Manufakturbetrieb GmbH","","173.04",3,"1.00",2016,0,"","F1V1","EUR","K"
0,"1500000320","2015-11-10","2015-11-10","WX001","WX001","","10.00",2,"1.00",2015,0,"","WX001","EUR","K"
0,"100002196","2016-01-25","2016-01-25","F1V6","NY Bolt and Nut Inc.","","938.14",5,"1.00",2016,0,"","F1V6","EUR","K"
0,"1500000153","2015-11-10","2015-11-10","Z01_VEN1","Business Partner - Z01 VENDOR","","10.00",2,"1.00",2015,0,"","Z01_VEN1","EUR","K"
0,"100002196","2016-01-25","2016-01-25","F1V1","Hessen Manufakturbetrieb GmbH","","354.91",3,"1.00",2016,0,"","F1V1","EUR","K"
0,"1500000154","2015-11-18","2015-11-18","Z01_VEN1","Business Partner - Z01 VENDOR","","10.00",2,"1.00",2015,0,"","Z01_VEN1","EUR","K"
0,"1500000321","2015-11-18","2015-11-18","WX001","WX001","","10.00",2,"1.00",2015,0,"","WX001","EUR","K"
0,"1500000322","2015-11-18","2015-11-18","WX001","WX001","","10.00",2,"1.00",2015,0,"","WX001","EUR","K"
0,"1500000323","2015-11-19","2015-11-19","WX001","WX001","","10.00",2,"1.00",2015,0,"","WX001","EUR","K"
0,"1500000324","2015-11-19","2015-11-19","WX001","WX001","","10.00",2,"1.00",2015,0,"","WX001","EUR","K"
0,"1500000327","2015-11-20","2015-11-20","F1V1","Hessen Manufakturbetrieb GmbH","","100.00",2,"1.00",2015,0,"","F1V1","EUR","K"
0,"1500000326","2015-11-20","2015-11-20","WX001","WX001","","10.00",2,"1.00",2015,0,"","WX001","EUR","K"
0,"1500000329","2015-11-20","2015-11-20","F1V1","Hessen Manufakturbetrieb GmbH","","100.00",2,"1.00",2015,0,"","F1V1","USD","K"
